-- phpMyAdmin SQL Dump
-- version 5.2.1
-- https://www.phpmyadmin.net/
--
-- Host: localhost:3306
-- Waktu pembuatan: 20 Bulan Mei 2024 pada 03.28
-- Versi server: 8.0.30
-- Versi PHP: 8.1.10

SET SQL_MODE = "NO_AUTO_VALUE_ON_ZERO";
START TRANSACTION;
SET time_zone = "+00:00";


/*!40101 SET @OLD_CHARACTER_SET_CLIENT=@@CHARACTER_SET_CLIENT */;
/*!40101 SET @OLD_CHARACTER_SET_RESULTS=@@CHARACTER_SET_RESULTS */;
/*!40101 SET @OLD_COLLATION_CONNECTION=@@COLLATION_CONNECTION */;
/*!40101 SET NAMES utf8mb4 */;

--
-- Database: `incoming_wima`
--

-- --------------------------------------------------------

--
-- Struktur dari tabel `catatan_cek`
--

CREATE TABLE `catatan_cek` (
  `id` bigint UNSIGNED NOT NULL,
  `id_part_supply` bigint UNSIGNED NOT NULL,
  `id_standar_part` bigint UNSIGNED NOT NULL,
  `status` varchar(10) CHARACTER SET utf8mb4 COLLATE utf8mb4_unicode_ci DEFAULT NULL,
  `checksheet` varchar(10) CHARACTER SET utf8mb4 COLLATE utf8mb4_unicode_ci DEFAULT NULL,
  `urutan_sample` int DEFAULT NULL,
  `final_status` varchar(10) CHARACTER SET utf8mb4 COLLATE utf8mb4_unicode_ci DEFAULT NULL,
  `value_dimensi` varchar(10) CHARACTER SET utf8mb4 COLLATE utf8mb4_unicode_ci DEFAULT NULL,
  `tanggal_cek` date DEFAULT NULL,
  `created_at` timestamp NULL DEFAULT NULL,
  `updated_at` timestamp NULL DEFAULT NULL,
  `id_part` varchar(255) CHARACTER SET utf8mb4 COLLATE utf8mb4_unicode_ci DEFAULT NULL
) ENGINE=InnoDB DEFAULT CHARSET=utf8mb4 COLLATE=utf8mb4_unicode_ci;

--
-- Dumping data untuk tabel `catatan_cek`
--

INSERT INTO `catatan_cek` (`id`, `id_part_supply`, `id_standar_part`, `status`, `checksheet`, `urutan_sample`, `final_status`, `value_dimensi`, `tanggal_cek`, `created_at`, `updated_at`, `id_part`) VALUES
(732, 21, 58, 'OK', 'checked', 1, '0', NULL, NULL, '2024-05-06 20:53:25', '2024-05-13 09:39:28', 'C11900'),
(733, 21, 59, 'OK', 'checked', 1, NULL, NULL, NULL, '2024-05-06 20:53:25', '2024-05-13 09:35:07', 'C11900'),
(734, 21, 60, 'OK', 'checked', 1, NULL, NULL, NULL, '2024-05-06 20:53:25', '2024-05-13 09:35:08', 'C11900'),
(735, 21, 61, 'OK', 'checked', 1, NULL, NULL, NULL, '2024-05-06 20:53:25', '2024-05-13 09:35:08', 'C11900'),
(736, 21, 62, 'OK', 'checked', 1, NULL, NULL, NULL, '2024-05-06 20:53:25', '2024-05-13 09:35:09', 'C11900'),
(737, 21, 63, 'OK', 'checked', 1, NULL, NULL, NULL, '2024-05-06 20:53:25', '2024-05-13 09:35:10', 'C11900'),
(738, 21, 64, 'OK', 'checked', 1, NULL, NULL, NULL, '2024-05-06 20:53:25', '2024-05-13 09:35:11', 'C11900'),
(739, 21, 65, 'OK', 'checked', 1, NULL, NULL, NULL, '2024-05-06 20:53:25', '2024-05-13 09:35:11', 'C11900'),
(740, 21, 66, 'OK', 'checked', 1, NULL, NULL, NULL, '2024-05-06 20:53:25', '2024-05-13 09:35:12', 'C11900'),
(741, 21, 67, 'OK', 'checked', 1, NULL, NULL, NULL, '2024-05-06 20:53:25', '2024-05-13 09:38:29', 'C11900'),
(742, 21, 68, 'OK', 'checked', 1, NULL, NULL, NULL, '2024-05-06 20:53:25', '2024-05-13 09:38:30', 'C11900'),
(743, 21, 69, 'OK', 'checked', 1, NULL, '22', NULL, '2024-05-06 20:53:25', '2024-05-13 09:39:26', 'C11900'),
(744, 21, 70, 'OK', 'checked', 1, NULL, '6.5', NULL, '2024-05-06 20:53:25', '2024-05-13 09:39:26', 'C11900'),
(745, 21, 71, 'OK', 'checked', 1, NULL, '1', NULL, '2024-05-06 20:53:25', '2024-05-13 09:39:26', 'C11900'),
(746, 21, 58, 'OK', 'checked', 2, '0', NULL, NULL, '2024-05-06 20:53:25', '2024-05-13 09:39:28', 'C11900'),
(747, 21, 59, 'OK', 'checked', 2, NULL, NULL, NULL, '2024-05-06 20:53:25', '2024-05-13 09:35:14', 'C11900'),
(748, 21, 60, 'OK', 'checked', 2, NULL, NULL, NULL, '2024-05-06 20:53:25', '2024-05-13 09:35:15', 'C11900'),
(749, 21, 61, 'OK', 'checked', 2, NULL, NULL, NULL, '2024-05-06 20:53:25', '2024-05-13 09:35:15', 'C11900'),
(750, 21, 62, 'OK', 'checked', 2, NULL, NULL, NULL, '2024-05-06 20:53:25', '2024-05-13 09:35:16', 'C11900'),
(751, 21, 63, 'OK', 'checked', 2, NULL, NULL, NULL, '2024-05-06 20:53:25', '2024-05-13 09:35:16', 'C11900'),
(752, 21, 64, 'OK', 'checked', 2, NULL, NULL, NULL, '2024-05-06 20:53:26', '2024-05-13 09:35:17', 'C11900'),
(753, 21, 65, 'OK', 'checked', 2, NULL, NULL, NULL, '2024-05-06 20:53:26', '2024-05-13 09:35:18', 'C11900'),
(754, 21, 66, 'OK', 'checked', 2, NULL, NULL, NULL, '2024-05-06 20:53:26', '2024-05-13 09:35:19', 'C11900'),
(755, 21, 67, 'OK', 'checked', 2, NULL, NULL, NULL, '2024-05-06 20:53:26', '2024-05-13 09:38:30', 'C11900'),
(756, 21, 68, 'OK', 'checked', 2, NULL, NULL, NULL, '2024-05-06 20:53:26', '2024-05-13 09:38:31', 'C11900'),
(757, 21, 69, 'OK', 'checked', 2, NULL, '22', NULL, '2024-05-06 20:53:26', '2024-05-13 09:39:26', 'C11900'),
(758, 21, 70, 'OK', 'checked', 2, NULL, '6.5', NULL, '2024-05-06 20:53:26', '2024-05-13 09:39:26', 'C11900'),
(759, 21, 71, 'OK', 'checked', 2, NULL, '1', NULL, '2024-05-06 20:53:26', '2024-05-13 09:39:26', 'C11900'),
(760, 21, 58, 'OK', 'checked', 3, '0', NULL, NULL, '2024-05-06 20:53:26', '2024-05-13 09:39:28', 'C11900'),
(761, 21, 59, 'OK', 'checked', 3, NULL, NULL, NULL, '2024-05-06 20:53:27', '2024-05-13 09:35:21', 'C11900'),
(762, 21, 60, 'OK', 'checked', 3, NULL, NULL, NULL, '2024-05-06 20:53:27', '2024-05-13 09:35:21', 'C11900'),
(763, 21, 61, 'OK', 'checked', 3, NULL, NULL, NULL, '2024-05-06 20:53:27', '2024-05-13 09:35:22', 'C11900'),
(764, 21, 62, 'OK', 'checked', 3, NULL, NULL, NULL, '2024-05-06 20:53:27', '2024-05-13 09:35:23', 'C11900'),
(765, 21, 63, 'OK', 'checked', 3, NULL, NULL, NULL, '2024-05-06 20:53:27', '2024-05-13 09:35:23', 'C11900'),
(766, 21, 64, 'OK', 'checked', 3, NULL, NULL, NULL, '2024-05-06 20:53:27', '2024-05-13 09:35:24', 'C11900'),
(767, 21, 65, 'OK', 'checked', 3, NULL, NULL, NULL, '2024-05-06 20:53:27', '2024-05-13 09:35:24', 'C11900'),
(768, 21, 66, 'OK', 'checked', 3, NULL, NULL, NULL, '2024-05-06 20:53:27', '2024-05-13 09:35:25', 'C11900'),
(769, 21, 67, 'OK', 'checked', 3, NULL, NULL, NULL, '2024-05-06 20:53:27', '2024-05-13 09:38:32', 'C11900'),
(770, 21, 68, 'OK', 'checked', 3, NULL, NULL, NULL, '2024-05-06 20:53:27', '2024-05-13 09:38:33', 'C11900'),
(771, 21, 69, 'OK', 'checked', 3, NULL, '22', NULL, '2024-05-06 20:53:27', '2024-05-13 09:39:26', 'C11900'),
(772, 21, 70, 'OK', 'checked', 3, NULL, '6.5', NULL, '2024-05-06 20:53:27', '2024-05-13 09:39:26', 'C11900'),
(773, 21, 71, 'OK', 'checked', 3, NULL, '1', NULL, '2024-05-06 20:53:27', '2024-05-13 09:39:27', 'C11900'),
(774, 21, 58, 'OK', 'checked', 4, '0', NULL, NULL, '2024-05-06 20:53:27', '2024-05-13 09:39:28', 'C11900'),
(775, 21, 59, 'OK', 'checked', 4, NULL, NULL, NULL, '2024-05-06 20:53:27', '2024-05-13 09:35:27', 'C11900'),
(776, 21, 60, 'OK', 'checked', 4, NULL, NULL, NULL, '2024-05-06 20:53:27', '2024-05-13 09:35:28', 'C11900'),
(777, 21, 61, 'OK', 'checked', 4, NULL, NULL, NULL, '2024-05-06 20:53:27', '2024-05-13 09:35:29', 'C11900'),
(778, 21, 62, 'OK', 'checked', 4, NULL, NULL, NULL, '2024-05-06 20:53:27', '2024-05-13 09:35:29', 'C11900'),
(779, 21, 63, 'OK', 'checked', 4, NULL, NULL, NULL, '2024-05-06 20:53:28', '2024-05-13 09:35:30', 'C11900'),
(780, 21, 64, 'OK', 'checked', 4, NULL, NULL, NULL, '2024-05-06 20:53:28', '2024-05-13 09:35:31', 'C11900'),
(781, 21, 65, 'OK', 'checked', 4, NULL, NULL, NULL, '2024-05-06 20:53:28', '2024-05-13 09:35:32', 'C11900'),
(782, 21, 66, 'OK', 'checked', 4, NULL, NULL, NULL, '2024-05-06 20:53:28', '2024-05-13 09:35:32', 'C11900'),
(783, 21, 67, 'OK', 'checked', 4, NULL, NULL, NULL, '2024-05-06 20:53:28', '2024-05-13 09:38:34', 'C11900'),
(784, 21, 68, 'OK', 'checked', 4, NULL, NULL, NULL, '2024-05-06 20:53:28', '2024-05-13 09:38:35', 'C11900'),
(785, 21, 69, 'OK', 'checked', 4, NULL, '22', NULL, '2024-05-06 20:53:28', '2024-05-13 09:39:27', 'C11900'),
(786, 21, 70, 'OK', 'checked', 4, NULL, '6.5', NULL, '2024-05-06 20:53:28', '2024-05-13 09:39:27', 'C11900'),
(787, 21, 71, 'OK', 'checked', 4, NULL, '1', NULL, '2024-05-06 20:53:28', '2024-05-13 09:39:27', 'C11900'),
(788, 21, 58, 'OK', 'checked', 5, '0', NULL, NULL, '2024-05-06 20:53:28', '2024-05-13 09:39:28', 'C11900'),
(789, 21, 59, 'OK', 'checked', 5, NULL, NULL, NULL, '2024-05-06 20:53:28', '2024-05-13 09:35:34', 'C11900'),
(790, 21, 60, 'OK', 'checked', 5, NULL, NULL, NULL, '2024-05-06 20:53:28', '2024-05-13 09:35:35', 'C11900'),
(791, 21, 61, 'OK', 'checked', 5, NULL, NULL, NULL, '2024-05-06 20:53:28', '2024-05-13 09:35:36', 'C11900'),
(792, 21, 62, 'OK', 'checked', 5, NULL, NULL, NULL, '2024-05-06 20:53:28', '2024-05-13 09:35:36', 'C11900'),
(793, 21, 63, 'OK', 'checked', 5, NULL, NULL, NULL, '2024-05-06 20:53:28', '2024-05-13 09:35:38', 'C11900'),
(794, 21, 64, 'OK', 'checked', 5, NULL, NULL, NULL, '2024-05-06 20:53:28', '2024-05-13 09:35:38', 'C11900'),
(795, 21, 65, 'OK', 'checked', 5, NULL, NULL, NULL, '2024-05-06 20:53:28', '2024-05-13 09:35:39', 'C11900'),
(796, 21, 66, 'OK', 'checked', 5, NULL, NULL, NULL, '2024-05-06 20:53:28', '2024-05-13 09:35:39', 'C11900'),
(797, 21, 67, 'OK', 'checked', 5, NULL, NULL, NULL, '2024-05-06 20:53:28', '2024-05-13 09:38:36', 'C11900'),
(798, 21, 68, 'OK', 'checked', 5, NULL, NULL, NULL, '2024-05-06 20:53:28', '2024-05-13 09:38:36', 'C11900'),
(799, 21, 69, 'OK', 'checked', 5, NULL, '22', NULL, '2024-05-06 20:53:28', '2024-05-13 09:39:27', 'C11900'),
(800, 21, 70, 'OK', 'checked', 5, NULL, '6.5', NULL, '2024-05-06 20:53:28', '2024-05-13 09:39:27', 'C11900'),
(801, 21, 71, 'OK', 'checked', 5, NULL, '1', NULL, '2024-05-06 20:53:28', '2024-05-13 09:39:27', 'C11900'),
(802, 21, 58, 'OK', 'checked', 6, '0', NULL, NULL, '2024-05-06 20:53:28', '2024-05-13 09:39:28', 'C11900'),
(803, 21, 59, 'OK', 'checked', 6, NULL, NULL, NULL, '2024-05-06 20:53:28', '2024-05-13 09:35:41', 'C11900'),
(804, 21, 60, 'OK', 'checked', 6, NULL, NULL, NULL, '2024-05-06 20:53:28', '2024-05-13 09:35:42', 'C11900'),
(805, 21, 61, 'OK', 'checked', 6, NULL, NULL, NULL, '2024-05-06 20:53:29', '2024-05-13 09:35:43', 'C11900'),
(806, 21, 62, 'OK', 'checked', 6, NULL, NULL, NULL, '2024-05-06 20:53:29', '2024-05-13 09:35:43', 'C11900'),
(807, 21, 63, 'OK', 'checked', 6, NULL, NULL, NULL, '2024-05-06 20:53:29', '2024-05-13 09:35:44', 'C11900'),
(808, 21, 64, 'OK', 'checked', 6, NULL, NULL, NULL, '2024-05-06 20:53:29', '2024-05-13 09:35:45', 'C11900'),
(809, 21, 65, 'OK', 'checked', 6, NULL, NULL, NULL, '2024-05-06 20:53:29', '2024-05-13 09:35:46', 'C11900'),
(810, 21, 66, 'OK', 'checked', 6, NULL, NULL, NULL, '2024-05-06 20:53:29', '2024-05-13 09:35:46', 'C11900'),
(811, 21, 67, 'OK', 'checked', 6, NULL, NULL, NULL, '2024-05-06 20:53:29', '2024-05-13 09:38:37', 'C11900'),
(812, 21, 68, 'OK', 'checked', 6, NULL, NULL, NULL, '2024-05-06 20:53:29', '2024-05-13 09:38:38', 'C11900'),
(813, 21, 69, 'OK', 'checked', 6, NULL, '22', NULL, '2024-05-06 20:53:29', '2024-05-13 09:39:27', 'C11900'),
(814, 21, 70, 'OK', 'checked', 6, NULL, '6.5', NULL, '2024-05-06 20:53:29', '2024-05-13 09:39:27', 'C11900'),
(815, 21, 71, 'OK', 'checked', 6, NULL, '1', NULL, '2024-05-06 20:53:29', '2024-05-13 09:39:27', 'C11900'),
(816, 21, 58, 'OK', 'checked', 7, '0', NULL, NULL, '2024-05-06 20:53:29', '2024-05-13 09:39:28', 'C11900'),
(817, 21, 59, 'OK', 'checked', 7, NULL, NULL, NULL, '2024-05-06 20:53:29', '2024-05-13 09:35:48', 'C11900'),
(818, 21, 60, 'OK', 'checked', 7, NULL, NULL, NULL, '2024-05-06 20:53:29', '2024-05-13 09:35:49', 'C11900'),
(819, 21, 61, 'OK', 'checked', 7, NULL, NULL, NULL, '2024-05-06 20:53:29', '2024-05-13 09:35:50', 'C11900'),
(820, 21, 62, 'OK', 'checked', 7, NULL, NULL, NULL, '2024-05-06 20:53:29', '2024-05-13 09:35:50', 'C11900'),
(821, 21, 63, 'OK', 'checked', 7, NULL, NULL, NULL, '2024-05-06 20:53:29', '2024-05-13 09:35:51', 'C11900'),
(822, 21, 64, 'OK', 'checked', 7, NULL, NULL, NULL, '2024-05-06 20:53:29', '2024-05-13 09:35:53', 'C11900'),
(823, 21, 65, 'OK', 'checked', 7, NULL, NULL, NULL, '2024-05-06 20:53:29', '2024-05-13 09:35:53', 'C11900'),
(824, 21, 66, 'OK', 'checked', 7, NULL, NULL, NULL, '2024-05-06 20:53:29', '2024-05-13 09:35:53', 'C11900'),
(825, 21, 67, 'OK', 'checked', 7, NULL, NULL, NULL, '2024-05-06 20:53:29', '2024-05-13 09:38:39', 'C11900'),
(826, 21, 68, 'OK', 'checked', 7, NULL, NULL, NULL, '2024-05-06 20:53:29', '2024-05-13 09:38:40', 'C11900'),
(827, 21, 69, 'OK', 'checked', 7, NULL, '22', NULL, '2024-05-06 20:53:29', '2024-05-13 09:39:27', 'C11900'),
(828, 21, 70, 'OK', 'checked', 7, NULL, '6.5', NULL, '2024-05-06 20:53:29', '2024-05-13 09:39:27', 'C11900'),
(829, 21, 71, 'OK', 'checked', 7, NULL, '1', NULL, '2024-05-06 20:53:29', '2024-05-13 09:39:27', 'C11900'),
(830, 21, 58, 'OK', 'checked', 8, '1', NULL, NULL, '2024-05-06 20:53:29', '2024-05-13 09:39:28', 'C11900'),
(831, 21, 59, 'OK', 'checked', 8, NULL, NULL, NULL, '2024-05-06 20:53:29', '2024-05-13 09:35:55', 'C11900'),
(832, 21, 60, 'OK', 'checked', 8, NULL, NULL, NULL, '2024-05-06 20:53:29', '2024-05-13 09:35:56', 'C11900'),
(833, 21, 61, 'OK', 'checked', 8, NULL, NULL, NULL, '2024-05-06 20:53:29', '2024-05-13 09:35:56', 'C11900'),
(834, 21, 62, 'OK', 'checked', 8, NULL, NULL, NULL, '2024-05-06 20:53:29', '2024-05-13 09:35:57', 'C11900'),
(835, 21, 63, 'OK', 'checked', 8, NULL, NULL, NULL, '2024-05-06 20:53:30', '2024-05-13 09:35:58', 'C11900'),
(836, 21, 64, 'OK', 'checked', 8, NULL, NULL, NULL, '2024-05-06 20:53:30', '2024-05-13 09:35:58', 'C11900'),
(837, 21, 65, 'OK', 'checked', 8, NULL, NULL, NULL, '2024-05-06 20:53:30', '2024-05-13 09:35:59', 'C11900'),
(838, 21, 66, 'OK', 'checked', 8, NULL, NULL, NULL, '2024-05-06 20:53:30', '2024-05-13 09:36:00', 'C11900'),
(839, 21, 67, 'NG', 'checked', 8, NULL, NULL, NULL, '2024-05-06 20:53:30', '2024-05-13 09:38:41', 'C11900'),
(840, 21, 68, 'NG', 'checked', 8, NULL, NULL, NULL, '2024-05-06 20:53:30', '2024-05-13 09:38:41', 'C11900'),
(841, 21, 69, 'OK', 'checked', 8, NULL, '22', NULL, '2024-05-06 20:53:30', '2024-05-13 09:39:27', 'C11900'),
(842, 21, 70, 'OK', 'checked', 8, NULL, '6.6', NULL, '2024-05-06 20:53:30', '2024-05-13 09:39:27', 'C11900'),
(843, 21, 71, 'OK', 'checked', 8, NULL, '1', NULL, '2024-05-06 20:53:30', '2024-05-13 09:39:27', 'C11900'),
(844, 21, 58, 'OK', 'checked', 9, '1', NULL, NULL, '2024-05-06 20:53:30', '2024-05-13 09:39:28', 'C11900'),
(845, 21, 59, 'OK', 'checked', 9, NULL, NULL, NULL, '2024-05-06 20:53:30', '2024-05-13 09:36:01', 'C11900'),
(846, 21, 60, 'OK', 'checked', 9, NULL, NULL, NULL, '2024-05-06 20:53:30', '2024-05-13 09:36:02', 'C11900'),
(847, 21, 61, 'OK', 'checked', 9, NULL, NULL, NULL, '2024-05-06 20:53:30', '2024-05-13 09:36:02', 'C11900'),
(848, 21, 62, 'OK', 'checked', 9, NULL, NULL, NULL, '2024-05-06 20:53:30', '2024-05-13 09:36:03', 'C11900'),
(849, 21, 63, 'OK', 'checked', 9, NULL, NULL, NULL, '2024-05-06 20:53:30', '2024-05-13 09:36:03', 'C11900'),
(850, 21, 64, 'OK', 'checked', 9, NULL, NULL, NULL, '2024-05-06 20:53:30', '2024-05-13 09:36:04', 'C11900'),
(851, 21, 65, 'OK', 'checked', 9, NULL, NULL, NULL, '2024-05-06 20:53:30', '2024-05-13 09:36:05', 'C11900'),
(852, 21, 66, 'OK', 'checked', 9, NULL, NULL, NULL, '2024-05-06 20:53:30', '2024-05-13 09:36:05', 'C11900'),
(853, 21, 67, 'NG', 'checked', 9, NULL, NULL, NULL, '2024-05-06 20:53:30', '2024-05-13 09:38:43', 'C11900'),
(854, 21, 68, 'NG', 'checked', 9, NULL, NULL, NULL, '2024-05-06 20:53:30', '2024-05-13 09:38:43', 'C11900'),
(855, 21, 69, 'OK', 'checked', 9, NULL, '22', NULL, '2024-05-06 20:53:30', '2024-05-13 09:39:27', 'C11900'),
(856, 21, 70, 'OK', 'checked', 9, NULL, '6.5', NULL, '2024-05-06 20:53:30', '2024-05-13 09:39:27', 'C11900'),
(857, 21, 71, 'OK', 'checked', 9, NULL, '1', NULL, '2024-05-06 20:53:30', '2024-05-13 09:39:27', 'C11900'),
(858, 21, 58, 'OK', 'checked', 10, '0', NULL, NULL, '2024-05-06 20:53:31', '2024-05-13 09:39:28', 'C11900'),
(859, 21, 59, 'OK', 'checked', 10, NULL, NULL, NULL, '2024-05-06 20:53:31', '2024-05-13 09:36:08', 'C11900'),
(860, 21, 60, 'OK', 'checked', 10, NULL, NULL, NULL, '2024-05-06 20:53:31', '2024-05-13 09:36:08', 'C11900'),
(861, 21, 61, 'OK', 'checked', 10, NULL, NULL, NULL, '2024-05-06 20:53:31', '2024-05-13 09:36:09', 'C11900'),
(862, 21, 62, 'OK', 'checked', 10, NULL, NULL, NULL, '2024-05-06 20:53:31', '2024-05-13 09:36:09', 'C11900'),
(863, 21, 63, 'OK', 'checked', 10, NULL, NULL, NULL, '2024-05-06 20:53:31', '2024-05-13 09:36:10', 'C11900'),
(864, 21, 64, 'OK', 'checked', 10, NULL, NULL, NULL, '2024-05-06 20:53:31', '2024-05-13 09:36:11', 'C11900'),
(865, 21, 65, 'OK', 'checked', 10, NULL, NULL, NULL, '2024-05-06 20:53:31', '2024-05-13 09:36:11', 'C11900'),
(866, 21, 66, 'OK', 'checked', 10, NULL, NULL, NULL, '2024-05-06 20:53:31', '2024-05-13 09:36:12', 'C11900'),
(867, 21, 67, 'OK', 'checked', 10, NULL, NULL, NULL, '2024-05-06 20:53:31', '2024-05-13 09:38:45', 'C11900'),
(868, 21, 68, 'OK', 'checked', 10, NULL, NULL, NULL, '2024-05-06 20:53:31', '2024-05-13 09:38:45', 'C11900'),
(869, 21, 69, 'OK', 'checked', 10, NULL, '22', NULL, '2024-05-06 20:53:31', '2024-05-13 09:39:27', 'C11900'),
(870, 21, 70, 'OK', 'checked', 10, NULL, '6.7', NULL, '2024-05-06 20:53:31', '2024-05-13 09:39:27', 'C11900'),
(871, 21, 71, 'OK', 'checked', 10, NULL, '1', NULL, '2024-05-06 20:53:31', '2024-05-13 09:39:27', 'C11900'),
(872, 21, 58, 'OK', 'checked', 11, '0', NULL, NULL, '2024-05-06 20:53:31', '2024-05-13 09:39:28', 'C11900'),
(873, 21, 59, 'OK', 'checked', 11, NULL, NULL, NULL, '2024-05-06 20:53:31', '2024-05-13 09:36:15', 'C11900'),
(874, 21, 60, 'OK', 'checked', 11, NULL, NULL, NULL, '2024-05-06 20:53:31', '2024-05-13 09:36:15', 'C11900'),
(875, 21, 61, 'OK', 'checked', 11, NULL, NULL, NULL, '2024-05-06 20:53:31', '2024-05-13 09:36:16', 'C11900'),
(876, 21, 62, 'OK', 'checked', 11, NULL, NULL, NULL, '2024-05-06 20:53:31', '2024-05-13 09:36:17', 'C11900'),
(877, 21, 63, 'OK', 'checked', 11, NULL, NULL, NULL, '2024-05-06 20:53:31', '2024-05-13 09:36:17', 'C11900'),
(878, 21, 64, 'OK', 'checked', 11, NULL, NULL, NULL, '2024-05-06 20:53:31', '2024-05-13 09:36:18', 'C11900'),
(879, 21, 65, 'OK', 'checked', 11, NULL, NULL, NULL, '2024-05-06 20:53:31', '2024-05-13 09:36:19', 'C11900'),
(880, 21, 66, 'OK', 'checked', 11, NULL, NULL, NULL, '2024-05-06 20:53:31', '2024-05-13 09:36:19', 'C11900'),
(881, 21, 67, 'OK', 'checked', 11, NULL, NULL, NULL, '2024-05-06 20:53:31', '2024-05-13 09:38:46', 'C11900'),
(882, 21, 68, 'OK', 'checked', 11, NULL, NULL, NULL, '2024-05-06 20:53:31', '2024-05-13 09:38:46', 'C11900'),
(883, 21, 69, 'OK', 'checked', 11, NULL, '23', NULL, '2024-05-06 20:53:31', '2024-05-13 09:39:27', 'C11900'),
(884, 21, 70, 'OK', 'checked', 11, NULL, '6.9', NULL, '2024-05-06 20:53:31', '2024-05-13 09:39:27', 'C11900'),
(885, 21, 71, 'OK', 'checked', 11, NULL, '1', NULL, '2024-05-06 20:53:31', '2024-05-13 09:39:27', 'C11900'),
(886, 21, 58, 'OK', 'checked', 12, '0', NULL, NULL, '2024-05-06 20:53:32', '2024-05-13 09:39:28', 'C11900'),
(887, 21, 59, 'OK', 'checked', 12, NULL, NULL, NULL, '2024-05-06 20:53:32', '2024-05-13 09:36:21', 'C11900'),
(888, 21, 60, 'OK', 'checked', 12, NULL, NULL, NULL, '2024-05-06 20:53:32', '2024-05-13 09:36:22', 'C11900'),
(889, 21, 61, 'OK', 'checked', 12, NULL, NULL, NULL, '2024-05-06 20:53:32', '2024-05-13 09:36:23', 'C11900'),
(890, 21, 62, 'OK', 'checked', 12, NULL, NULL, NULL, '2024-05-06 20:53:32', '2024-05-13 09:36:24', 'C11900'),
(891, 21, 63, 'OK', 'checked', 12, NULL, NULL, NULL, '2024-05-06 20:53:32', '2024-05-13 09:36:24', 'C11900'),
(892, 21, 64, 'OK', 'checked', 12, NULL, NULL, NULL, '2024-05-06 20:53:32', '2024-05-13 09:36:25', 'C11900'),
(893, 21, 65, 'OK', 'checked', 12, NULL, NULL, NULL, '2024-05-06 20:53:32', '2024-05-13 09:36:25', 'C11900'),
(894, 21, 66, 'OK', 'checked', 12, NULL, NULL, NULL, '2024-05-06 20:53:32', '2024-05-13 09:36:27', 'C11900'),
(895, 21, 67, 'OK', 'checked', 12, NULL, NULL, NULL, '2024-05-06 20:53:32', '2024-05-13 09:38:47', 'C11900'),
(896, 21, 68, 'OK', 'checked', 12, NULL, NULL, NULL, '2024-05-06 20:53:32', '2024-05-13 09:38:48', 'C11900'),
(897, 21, 69, 'OK', 'checked', 12, NULL, '22', NULL, '2024-05-06 20:53:32', '2024-05-13 09:39:27', 'C11900'),
(898, 21, 70, 'OK', 'checked', 12, NULL, '6.5', NULL, '2024-05-06 20:53:32', '2024-05-13 09:39:27', 'C11900'),
(899, 21, 71, 'OK', 'checked', 12, NULL, '1', NULL, '2024-05-06 20:53:32', '2024-05-13 09:39:27', 'C11900'),
(900, 21, 58, 'OK', 'checked', 13, '1', NULL, NULL, '2024-05-06 20:53:32', '2024-05-13 09:39:28', 'C11900'),
(901, 21, 59, 'OK', 'checked', 13, NULL, NULL, NULL, '2024-05-06 20:53:32', '2024-05-13 09:36:30', 'C11900'),
(902, 21, 60, 'OK', 'checked', 13, NULL, NULL, NULL, '2024-05-06 20:53:32', '2024-05-13 09:36:32', 'C11900'),
(903, 21, 61, 'NG', 'checked', 13, NULL, NULL, NULL, '2024-05-06 20:53:32', '2024-05-13 09:36:33', 'C11900'),
(904, 21, 62, 'NG', 'checked', 13, NULL, NULL, NULL, '2024-05-06 20:53:32', '2024-05-13 09:36:33', 'C11900'),
(905, 21, 63, 'OK', 'checked', 13, NULL, NULL, NULL, '2024-05-06 20:53:32', '2024-05-13 09:36:34', 'C11900'),
(906, 21, 64, 'OK', 'checked', 13, NULL, NULL, NULL, '2024-05-06 20:53:32', '2024-05-13 09:36:35', 'C11900'),
(907, 21, 65, 'OK', 'checked', 13, NULL, NULL, NULL, '2024-05-06 20:53:32', '2024-05-13 09:36:36', 'C11900'),
(908, 21, 66, 'OK', 'checked', 13, NULL, NULL, NULL, '2024-05-06 20:53:32', '2024-05-13 09:36:37', 'C11900'),
(909, 21, 67, 'OK', 'checked', 13, NULL, NULL, NULL, '2024-05-06 20:53:32', '2024-05-13 09:38:49', 'C11900'),
(910, 21, 68, 'OK', 'checked', 13, NULL, NULL, NULL, '2024-05-06 20:53:32', '2024-05-13 09:38:50', 'C11900'),
(911, 21, 69, 'OK', 'checked', 13, NULL, '22', NULL, '2024-05-06 20:53:32', '2024-05-13 09:39:27', 'C11900'),
(912, 21, 70, 'OK', 'checked', 13, NULL, '6.5', NULL, '2024-05-06 20:53:32', '2024-05-13 09:39:27', 'C11900'),
(913, 21, 71, NULL, NULL, 13, NULL, '1', NULL, '2024-05-06 20:53:32', '2024-05-13 09:39:27', 'C11900'),
(914, 22, 1, 'OK', 'checked', 1, '0', NULL, NULL, '2024-05-13 05:45:05', '2024-05-13 08:32:09', 'D11501'),
(915, 22, 2, 'OK', 'checked', 1, NULL, NULL, NULL, '2024-05-13 05:45:05', '2024-05-13 08:26:15', 'D11501'),
(916, 22, 32, 'OK', 'checked', 1, NULL, NULL, NULL, '2024-05-13 05:45:05', '2024-05-13 08:26:16', 'D11501'),
(917, 22, 33, 'OK', 'checked', 1, NULL, NULL, NULL, '2024-05-13 05:45:06', '2024-05-13 08:26:17', 'D11501'),
(918, 22, 34, 'OK', 'checked', 1, NULL, NULL, NULL, '2024-05-13 05:45:06', '2024-05-13 08:26:17', 'D11501'),
(919, 22, 35, 'OK', 'checked', 1, NULL, NULL, NULL, '2024-05-13 05:45:06', '2024-05-13 08:26:18', 'D11501'),
(920, 22, 36, 'OK', 'checked', 1, NULL, NULL, NULL, '2024-05-13 05:45:06', '2024-05-13 08:26:19', 'D11501'),
(921, 22, 38, 'OK', 'checked', 1, NULL, NULL, NULL, '2024-05-13 05:45:06', '2024-05-13 08:26:19', 'D11501'),
(922, 22, 39, 'OK', 'checked', 1, NULL, NULL, NULL, '2024-05-13 05:45:06', '2024-05-13 08:26:20', 'D11501'),
(923, 22, 40, 'OK', 'checked', 1, NULL, '50', NULL, '2024-05-13 05:45:06', '2024-05-13 08:32:05', 'D11501'),
(924, 22, 41, 'OK', 'checked', 1, NULL, '7.2', NULL, '2024-05-13 05:45:06', '2024-05-13 08:32:05', 'D11501'),
(925, 22, 42, 'OK', 'checked', 1, NULL, '10', NULL, '2024-05-13 05:45:06', '2024-05-13 08:32:05', 'D11501'),
(926, 22, 43, 'OK', 'checked', 1, NULL, '42', NULL, '2024-05-13 05:45:06', '2024-05-13 08:32:05', 'D11501'),
(927, 22, 44, 'OK', 'checked', 1, NULL, '3.1', NULL, '2024-05-13 05:45:06', '2024-05-13 08:32:05', 'D11501'),
(928, 22, 1, 'OK', 'checked', 2, '0', NULL, NULL, '2024-05-13 05:45:06', '2024-05-13 08:32:09', 'D11501'),
(929, 22, 2, 'OK', 'checked', 2, NULL, NULL, NULL, '2024-05-13 05:45:06', '2024-05-13 08:26:22', 'D11501'),
(930, 22, 32, 'OK', 'checked', 2, NULL, NULL, NULL, '2024-05-13 05:45:06', '2024-05-13 08:26:23', 'D11501'),
(931, 22, 33, 'OK', 'checked', 2, NULL, NULL, NULL, '2024-05-13 05:45:06', '2024-05-13 08:26:24', 'D11501'),
(932, 22, 34, 'OK', 'checked', 2, NULL, NULL, NULL, '2024-05-13 05:45:06', '2024-05-13 08:26:25', 'D11501'),
(933, 22, 35, 'OK', 'checked', 2, NULL, NULL, NULL, '2024-05-13 05:45:06', '2024-05-13 08:26:25', 'D11501'),
(934, 22, 36, 'OK', 'checked', 2, NULL, NULL, NULL, '2024-05-13 05:45:06', '2024-05-13 08:26:26', 'D11501'),
(935, 22, 38, 'OK', 'checked', 2, NULL, NULL, NULL, '2024-05-13 05:45:06', '2024-05-13 08:26:27', 'D11501'),
(936, 22, 39, 'OK', 'checked', 2, NULL, NULL, NULL, '2024-05-13 05:45:06', '2024-05-13 08:26:27', 'D11501'),
(937, 22, 40, 'OK', 'checked', 2, NULL, '50', NULL, '2024-05-13 05:45:06', '2024-05-13 08:32:05', 'D11501'),
(938, 22, 41, 'OK', 'checked', 2, NULL, '7.2', NULL, '2024-05-13 05:45:06', '2024-05-13 08:32:05', 'D11501'),
(939, 22, 42, 'OK', 'checked', 2, NULL, '10', NULL, '2024-05-13 05:45:06', '2024-05-13 08:32:05', 'D11501'),
(940, 22, 43, 'OK', 'checked', 2, NULL, '42', NULL, '2024-05-13 05:45:06', '2024-05-13 08:32:05', 'D11501'),
(941, 22, 44, 'OK', 'checked', 2, NULL, '3', NULL, '2024-05-13 05:45:07', '2024-05-13 08:32:05', 'D11501'),
(942, 22, 1, 'OK', 'checked', 3, '1', NULL, NULL, '2024-05-13 05:45:07', '2024-05-13 08:32:09', 'D11501'),
(943, 22, 2, 'OK', 'checked', 3, NULL, NULL, NULL, '2024-05-13 05:45:07', '2024-05-13 08:26:29', 'D11501'),
(944, 22, 32, 'OK', 'checked', 3, NULL, NULL, NULL, '2024-05-13 05:45:07', '2024-05-13 08:26:30', 'D11501'),
(945, 22, 33, 'OK', 'checked', 3, NULL, NULL, NULL, '2024-05-13 05:45:07', '2024-05-13 08:26:30', 'D11501'),
(946, 22, 34, 'OK', 'checked', 3, NULL, NULL, NULL, '2024-05-13 05:45:07', '2024-05-13 08:26:31', 'D11501'),
(947, 22, 35, 'OK', 'checked', 3, NULL, NULL, NULL, '2024-05-13 05:45:07', '2024-05-13 08:26:32', 'D11501'),
(948, 22, 36, 'OK', 'checked', 3, NULL, NULL, NULL, '2024-05-13 05:45:07', '2024-05-13 08:26:32', 'D11501'),
(949, 22, 38, 'OK', 'checked', 3, NULL, NULL, NULL, '2024-05-13 05:45:07', '2024-05-13 08:26:33', 'D11501'),
(950, 22, 39, 'OK', 'checked', 3, NULL, NULL, NULL, '2024-05-13 05:45:07', '2024-05-13 08:26:33', 'D11501'),
(951, 22, 40, 'NG', 'checked', 3, NULL, '50.6', NULL, '2024-05-13 05:45:07', '2024-05-13 08:32:05', 'D11501'),
(952, 22, 41, 'OK', 'checked', 3, NULL, '7.2', NULL, '2024-05-13 05:45:07', '2024-05-13 08:32:05', 'D11501'),
(953, 22, 42, 'NG', 'checked', 3, NULL, '10.30', NULL, '2024-05-13 05:45:07', '2024-05-13 08:32:05', 'D11501'),
(954, 22, 43, 'OK', 'checked', 3, NULL, '42', NULL, '2024-05-13 05:45:07', '2024-05-13 08:32:05', 'D11501'),
(955, 22, 44, 'OK', 'checked', 3, NULL, '3', NULL, '2024-05-13 05:45:07', '2024-05-13 08:32:05', 'D11501'),
(956, 22, 1, 'OK', 'checked', 4, '0', NULL, NULL, '2024-05-13 05:45:07', '2024-05-13 08:32:09', 'D11501'),
(957, 22, 2, 'OK', 'checked', 4, NULL, NULL, NULL, '2024-05-13 05:45:07', '2024-05-13 08:26:35', 'D11501'),
(958, 22, 32, 'OK', 'checked', 4, NULL, NULL, NULL, '2024-05-13 05:45:07', '2024-05-13 08:26:36', 'D11501'),
(959, 22, 33, 'OK', 'checked', 4, NULL, NULL, NULL, '2024-05-13 05:45:07', '2024-05-13 08:26:37', 'D11501'),
(960, 22, 34, 'OK', 'checked', 4, NULL, NULL, NULL, '2024-05-13 05:45:07', '2024-05-13 08:26:38', 'D11501'),
(961, 22, 35, 'OK', 'checked', 4, NULL, NULL, NULL, '2024-05-13 05:45:07', '2024-05-13 08:26:38', 'D11501'),
(962, 22, 36, 'OK', 'checked', 4, NULL, NULL, NULL, '2024-05-13 05:45:07', '2024-05-13 08:26:39', 'D11501'),
(963, 22, 38, 'OK', 'checked', 4, NULL, NULL, NULL, '2024-05-13 05:45:07', '2024-05-13 08:26:40', 'D11501'),
(964, 22, 39, 'OK', 'checked', 4, NULL, NULL, NULL, '2024-05-13 05:45:07', '2024-05-13 08:26:41', 'D11501'),
(965, 22, 40, 'OK', 'checked', 4, NULL, '50.5', NULL, '2024-05-13 05:45:07', '2024-05-13 08:32:05', 'D11501'),
(966, 22, 41, 'OK', 'checked', 4, NULL, '7.2', NULL, '2024-05-13 05:45:07', '2024-05-13 08:32:05', 'D11501'),
(967, 22, 42, 'OK', 'checked', 4, NULL, '10', NULL, '2024-05-13 05:45:08', '2024-05-13 08:32:05', 'D11501'),
(968, 22, 43, 'OK', 'checked', 4, NULL, '42', NULL, '2024-05-13 05:45:08', '2024-05-13 08:32:06', 'D11501'),
(969, 22, 44, 'OK', 'checked', 4, NULL, '3.1', NULL, '2024-05-13 05:45:08', '2024-05-13 08:32:06', 'D11501'),
(970, 22, 1, 'OK', 'checked', 5, '1', NULL, NULL, '2024-05-13 05:45:08', '2024-05-13 08:32:09', 'D11501'),
(971, 22, 2, 'NG', 'checked', 5, NULL, NULL, NULL, '2024-05-13 05:45:08', '2024-05-13 08:26:42', 'D11501'),
(972, 22, 32, 'NG', 'checked', 5, NULL, NULL, NULL, '2024-05-13 05:45:08', '2024-05-13 08:26:42', 'D11501'),
(973, 22, 33, 'OK', 'checked', 5, NULL, NULL, NULL, '2024-05-13 05:45:08', '2024-05-13 08:26:44', 'D11501'),
(974, 22, 34, 'OK', 'checked', 5, NULL, NULL, NULL, '2024-05-13 05:45:08', '2024-05-13 08:26:44', 'D11501'),
(975, 22, 35, 'OK', 'checked', 5, NULL, NULL, NULL, '2024-05-13 05:45:08', '2024-05-13 08:26:44', 'D11501'),
(976, 22, 36, 'OK', 'checked', 5, NULL, NULL, NULL, '2024-05-13 05:45:08', '2024-05-13 08:26:45', 'D11501'),
(977, 22, 38, 'OK', 'checked', 5, NULL, NULL, NULL, '2024-05-13 05:45:08', '2024-05-13 08:26:46', 'D11501'),
(978, 22, 39, 'OK', 'checked', 5, NULL, NULL, NULL, '2024-05-13 05:45:08', '2024-05-13 08:26:46', 'D11501'),
(979, 22, 40, 'OK', 'checked', 5, NULL, '50', NULL, '2024-05-13 05:45:08', '2024-05-13 08:32:06', 'D11501'),
(980, 22, 41, 'OK', 'checked', 5, NULL, '7.3', NULL, '2024-05-13 05:45:08', '2024-05-13 08:32:06', 'D11501'),
(981, 22, 42, 'OK', 'checked', 5, NULL, '10.2', NULL, '2024-05-13 05:45:08', '2024-05-13 08:32:06', 'D11501'),
(982, 22, 43, 'OK', 'checked', 5, NULL, '42.5', NULL, '2024-05-13 05:45:08', '2024-05-13 08:32:06', 'D11501'),
(983, 22, 44, 'OK', 'checked', 5, NULL, '3.1', NULL, '2024-05-13 05:45:08', '2024-05-13 08:32:06', 'D11501'),
(984, 22, 1, 'OK', 'checked', 6, '0', NULL, NULL, '2024-05-13 05:45:08', '2024-05-13 08:32:09', 'D11501'),
(985, 22, 2, 'OK', 'checked', 6, NULL, NULL, NULL, '2024-05-13 05:45:08', '2024-05-13 08:26:48', 'D11501'),
(986, 22, 32, 'OK', 'checked', 6, NULL, NULL, NULL, '2024-05-13 05:45:08', '2024-05-13 08:26:48', 'D11501'),
(987, 22, 33, 'OK', 'checked', 6, NULL, NULL, NULL, '2024-05-13 05:45:08', '2024-05-13 08:26:49', 'D11501'),
(988, 22, 34, 'OK', 'checked', 6, NULL, NULL, NULL, '2024-05-13 05:45:08', '2024-05-13 08:26:50', 'D11501'),
(989, 22, 35, 'OK', 'checked', 6, NULL, NULL, NULL, '2024-05-13 05:45:08', '2024-05-13 08:26:50', 'D11501'),
(990, 22, 36, 'OK', 'checked', 6, NULL, NULL, NULL, '2024-05-13 05:45:08', '2024-05-13 08:26:51', 'D11501'),
(991, 22, 38, 'OK', 'checked', 6, NULL, NULL, NULL, '2024-05-13 05:45:08', '2024-05-13 08:26:52', 'D11501'),
(992, 22, 39, 'OK', 'checked', 6, NULL, NULL, NULL, '2024-05-13 05:45:08', '2024-05-13 08:26:52', 'D11501'),
(993, 22, 40, 'OK', 'checked', 6, NULL, '50.5', NULL, '2024-05-13 05:45:08', '2024-05-13 08:32:06', 'D11501'),
(994, 22, 41, 'OK', 'checked', 6, NULL, '7.2', NULL, '2024-05-13 05:45:08', '2024-05-13 08:32:06', 'D11501'),
(995, 22, 42, 'OK', 'checked', 6, NULL, '10', NULL, '2024-05-13 05:45:08', '2024-05-13 08:32:06', 'D11501'),
(996, 22, 43, 'OK', 'checked', 6, NULL, '42', NULL, '2024-05-13 05:45:08', '2024-05-13 08:32:06', 'D11501'),
(997, 22, 44, 'OK', 'checked', 6, NULL, '3', NULL, '2024-05-13 05:45:08', '2024-05-13 08:32:07', 'D11501'),
(998, 22, 1, 'OK', 'checked', 7, '0', NULL, NULL, '2024-05-13 05:45:09', '2024-05-13 08:32:09', 'D11501'),
(999, 22, 2, 'OK', 'checked', 7, NULL, NULL, NULL, '2024-05-13 05:45:09', '2024-05-13 08:26:54', 'D11501'),
(1000, 22, 32, 'OK', 'checked', 7, NULL, NULL, NULL, '2024-05-13 05:45:09', '2024-05-13 08:26:54', 'D11501'),
(1001, 22, 33, 'OK', 'checked', 7, NULL, NULL, NULL, '2024-05-13 05:45:09', '2024-05-13 08:26:55', 'D11501'),
(1002, 22, 34, 'OK', 'checked', 7, NULL, NULL, NULL, '2024-05-13 05:45:09', '2024-05-13 08:26:56', 'D11501'),
(1003, 22, 35, 'OK', 'checked', 7, NULL, NULL, NULL, '2024-05-13 05:45:09', '2024-05-13 08:26:56', 'D11501'),
(1004, 22, 36, 'OK', 'checked', 7, NULL, NULL, NULL, '2024-05-13 05:45:09', '2024-05-13 08:26:57', 'D11501'),
(1005, 22, 38, 'OK', 'checked', 7, NULL, NULL, NULL, '2024-05-13 05:45:09', '2024-05-13 08:26:57', 'D11501'),
(1006, 22, 39, 'OK', 'checked', 7, NULL, NULL, NULL, '2024-05-13 05:45:09', '2024-05-13 08:26:58', 'D11501'),
(1007, 22, 40, 'OK', 'checked', 7, NULL, '50', NULL, '2024-05-13 05:45:09', '2024-05-13 08:32:07', 'D11501'),
(1008, 22, 41, 'OK', 'checked', 7, NULL, '7.2', NULL, '2024-05-13 05:45:09', '2024-05-13 08:32:07', 'D11501'),
(1009, 22, 42, 'OK', 'checked', 7, NULL, '10', NULL, '2024-05-13 05:45:09', '2024-05-13 08:32:07', 'D11501'),
(1010, 22, 43, 'OK', 'checked', 7, NULL, '42', NULL, '2024-05-13 05:45:09', '2024-05-13 08:32:07', 'D11501'),
(1011, 22, 44, 'OK', 'checked', 7, NULL, '2.9', NULL, '2024-05-13 05:45:09', '2024-05-13 08:32:07', 'D11501'),
(1012, 22, 1, 'OK', 'checked', 8, '1', NULL, NULL, '2024-05-13 05:45:09', '2024-05-13 08:32:09', 'D11501'),
(1013, 22, 2, 'OK', 'checked', 8, NULL, NULL, NULL, '2024-05-13 05:45:09', '2024-05-13 08:27:00', 'D11501'),
(1014, 22, 32, 'OK', 'checked', 8, NULL, NULL, NULL, '2024-05-13 05:45:09', '2024-05-13 08:27:00', 'D11501'),
(1015, 22, 33, 'OK', 'checked', 8, NULL, NULL, NULL, '2024-05-13 05:45:09', '2024-05-13 08:27:01', 'D11501'),
(1016, 22, 34, 'OK', 'checked', 8, NULL, NULL, NULL, '2024-05-13 05:45:09', '2024-05-13 08:27:01', 'D11501'),
(1017, 22, 35, 'OK', 'checked', 8, NULL, NULL, NULL, '2024-05-13 05:45:09', '2024-05-13 08:27:02', 'D11501'),
(1018, 22, 36, 'OK', 'checked', 8, NULL, NULL, NULL, '2024-05-13 05:45:09', '2024-05-13 08:27:03', 'D11501'),
(1019, 22, 38, 'OK', 'checked', 8, NULL, NULL, NULL, '2024-05-13 05:45:09', '2024-05-13 08:27:04', 'D11501'),
(1020, 22, 39, 'OK', 'checked', 8, NULL, NULL, NULL, '2024-05-13 05:45:09', '2024-05-13 08:27:04', 'D11501'),
(1021, 22, 40, 'NG', 'checked', 8, NULL, '51', NULL, '2024-05-13 05:45:09', '2024-05-13 08:32:07', 'D11501'),
(1022, 22, 41, 'OK', 'checked', 8, NULL, '7.2', NULL, '2024-05-13 05:45:09', '2024-05-13 08:32:07', 'D11501'),
(1023, 22, 42, 'OK', 'checked', 8, NULL, '10', NULL, '2024-05-13 05:45:09', '2024-05-13 08:32:07', 'D11501'),
(1024, 22, 43, 'OK', 'checked', 8, NULL, '42', NULL, '2024-05-13 05:45:09', '2024-05-13 08:32:07', 'D11501'),
(1025, 22, 44, 'OK', 'checked', 8, NULL, '3.1', NULL, '2024-05-13 05:45:09', '2024-05-13 08:32:07', 'D11501'),
(1026, 22, 1, 'OK', 'checked', 9, '1', NULL, NULL, '2024-05-13 05:45:09', '2024-05-13 08:32:09', 'D11501'),
(1027, 22, 2, 'NG', 'checked', 9, NULL, NULL, NULL, '2024-05-13 05:45:09', '2024-05-13 08:27:06', 'D11501'),
(1028, 22, 32, 'NG', 'checked', 9, NULL, NULL, NULL, '2024-05-13 05:45:09', '2024-05-13 08:27:06', 'D11501'),
(1029, 22, 33, 'OK', 'checked', 9, NULL, NULL, NULL, '2024-05-13 05:45:10', '2024-05-13 08:27:07', 'D11501'),
(1030, 22, 34, 'OK', 'checked', 9, NULL, NULL, NULL, '2024-05-13 05:45:10', '2024-05-13 08:27:08', 'D11501'),
(1031, 22, 35, 'OK', 'checked', 9, NULL, NULL, NULL, '2024-05-13 05:45:10', '2024-05-13 08:27:09', 'D11501'),
(1032, 22, 36, 'OK', 'checked', 9, NULL, NULL, NULL, '2024-05-13 05:45:10', '2024-05-13 08:27:09', 'D11501'),
(1033, 22, 38, 'OK', 'checked', 9, NULL, NULL, NULL, '2024-05-13 05:45:10', '2024-05-13 08:27:10', 'D11501'),
(1034, 22, 39, 'OK', 'checked', 9, NULL, NULL, NULL, '2024-05-13 05:45:10', '2024-05-13 08:27:11', 'D11501'),
(1035, 22, 40, 'OK', 'checked', 9, NULL, '50', NULL, '2024-05-13 05:45:10', '2024-05-13 08:32:07', 'D11501'),
(1036, 22, 41, 'OK', 'checked', 9, NULL, '7.2', NULL, '2024-05-13 05:45:10', '2024-05-13 08:32:07', 'D11501'),
(1037, 22, 42, 'OK', 'checked', 9, NULL, '10', NULL, '2024-05-13 05:45:10', '2024-05-13 08:32:07', 'D11501'),
(1038, 22, 43, 'OK', 'checked', 9, NULL, '42', NULL, '2024-05-13 05:45:10', '2024-05-13 08:32:07', 'D11501'),
(1039, 22, 44, 'OK', 'checked', 9, NULL, '3', NULL, '2024-05-13 05:45:10', '2024-05-13 08:32:07', 'D11501'),
(1040, 22, 1, 'OK', 'checked', 10, '0', NULL, NULL, '2024-05-13 05:45:10', '2024-05-13 08:32:09', 'D11501'),
(1041, 22, 2, 'OK', 'checked', 10, NULL, NULL, NULL, '2024-05-13 05:45:10', '2024-05-13 08:27:12', 'D11501'),
(1042, 22, 32, 'OK', 'checked', 10, NULL, NULL, NULL, '2024-05-13 05:45:10', '2024-05-13 08:27:12', 'D11501'),
(1043, 22, 33, 'OK', 'checked', 10, NULL, NULL, NULL, '2024-05-13 05:45:10', '2024-05-13 08:27:14', 'D11501'),
(1044, 22, 34, 'OK', 'checked', 10, NULL, NULL, NULL, '2024-05-13 05:45:10', '2024-05-13 08:27:15', 'D11501'),
(1045, 22, 35, 'OK', 'checked', 10, NULL, NULL, NULL, '2024-05-13 05:45:10', '2024-05-13 08:27:15', 'D11501'),
(1046, 22, 36, 'OK', 'checked', 10, NULL, NULL, NULL, '2024-05-13 05:45:10', '2024-05-13 08:27:16', 'D11501'),
(1047, 22, 38, 'OK', 'checked', 10, NULL, NULL, NULL, '2024-05-13 05:45:10', '2024-05-13 08:27:17', 'D11501'),
(1048, 22, 39, 'OK', 'checked', 10, NULL, NULL, NULL, '2024-05-13 05:45:10', '2024-05-13 08:27:17', 'D11501'),
(1049, 22, 40, 'OK', 'checked', 10, NULL, '50', NULL, '2024-05-13 05:45:10', '2024-05-13 08:32:07', 'D11501'),
(1050, 22, 41, 'OK', 'checked', 10, NULL, '7.2', NULL, '2024-05-13 05:45:10', '2024-05-13 08:32:07', 'D11501'),
(1051, 22, 42, 'OK', 'checked', 10, NULL, '10', NULL, '2024-05-13 05:45:10', '2024-05-13 08:32:07', 'D11501'),
(1052, 22, 43, 'OK', 'checked', 10, NULL, '42', NULL, '2024-05-13 05:45:10', '2024-05-13 08:32:07', 'D11501'),
(1053, 22, 44, 'OK', 'checked', 10, NULL, '3', NULL, '2024-05-13 05:45:10', '2024-05-13 08:32:07', 'D11501'),
(1054, 22, 1, 'OK', 'checked', 11, '1', NULL, NULL, '2024-05-13 05:45:10', '2024-05-13 08:32:09', 'D11501'),
(1055, 22, 2, 'OK', 'checked', 11, NULL, NULL, NULL, '2024-05-13 05:45:10', '2024-05-13 08:27:19', 'D11501'),
(1056, 22, 32, 'OK', 'checked', 11, NULL, NULL, NULL, '2024-05-13 05:45:10', '2024-05-13 08:27:19', 'D11501'),
(1057, 22, 33, 'OK', 'checked', 11, NULL, NULL, NULL, '2024-05-13 05:45:10', '2024-05-13 08:27:20', 'D11501'),
(1058, 22, 34, 'OK', 'checked', 11, NULL, NULL, NULL, '2024-05-13 05:45:10', '2024-05-13 08:27:20', 'D11501'),
(1059, 22, 35, 'OK', 'checked', 11, NULL, NULL, NULL, '2024-05-13 05:45:10', '2024-05-13 08:27:21', 'D11501'),
(1060, 22, 36, 'OK', 'checked', 11, NULL, NULL, NULL, '2024-05-13 05:45:11', '2024-05-13 08:27:22', 'D11501'),
(1061, 22, 38, 'OK', 'checked', 11, NULL, NULL, NULL, '2024-05-13 05:45:11', '2024-05-13 08:27:23', 'D11501'),
(1062, 22, 39, 'NG', 'checked', 11, NULL, NULL, NULL, '2024-05-13 05:45:11', '2024-05-13 08:27:24', 'D11501'),
(1063, 22, 40, 'NG', 'checked', 11, NULL, '50.6', NULL, '2024-05-13 05:45:11', '2024-05-13 08:32:07', 'D11501'),
(1064, 22, 41, 'OK', 'checked', 11, NULL, '7.2', NULL, '2024-05-13 05:45:11', '2024-05-13 08:32:07', 'D11501'),
(1065, 22, 42, 'OK', 'checked', 11, NULL, '10', NULL, '2024-05-13 05:45:11', '2024-05-13 08:32:07', 'D11501'),
(1066, 22, 43, 'OK', 'checked', 11, NULL, '42', NULL, '2024-05-13 05:45:11', '2024-05-13 08:32:07', 'D11501'),
(1067, 22, 44, 'OK', 'checked', 11, NULL, '3', NULL, '2024-05-13 05:45:11', '2024-05-13 08:32:08', 'D11501'),
(1068, 22, 1, 'OK', 'checked', 12, '1', NULL, NULL, '2024-05-13 05:45:11', '2024-05-13 08:32:09', 'D11501'),
(1069, 22, 2, 'OK', 'checked', 12, NULL, NULL, NULL, '2024-05-13 05:45:11', '2024-05-13 08:27:26', 'D11501'),
(1070, 22, 32, 'OK', 'checked', 12, NULL, NULL, NULL, '2024-05-13 05:45:11', '2024-05-13 08:27:26', 'D11501'),
(1071, 22, 33, 'OK', 'checked', 12, NULL, NULL, NULL, '2024-05-13 05:45:11', '2024-05-13 08:27:27', 'D11501'),
(1072, 22, 34, 'OK', 'checked', 12, NULL, NULL, NULL, '2024-05-13 05:45:11', '2024-05-13 08:27:27', 'D11501'),
(1073, 22, 35, 'OK', 'checked', 12, NULL, NULL, NULL, '2024-05-13 05:45:11', '2024-05-13 08:27:29', 'D11501'),
(1074, 22, 36, 'OK', 'checked', 12, NULL, NULL, NULL, '2024-05-13 05:45:11', '2024-05-13 08:27:29', 'D11501'),
(1075, 22, 38, 'OK', 'checked', 12, NULL, NULL, NULL, '2024-05-13 05:45:11', '2024-05-13 08:27:30', 'D11501'),
(1076, 22, 39, 'OK', 'checked', 12, NULL, NULL, NULL, '2024-05-13 05:45:11', '2024-05-13 08:27:30', 'D11501'),
(1077, 22, 40, 'NG', 'checked', 12, NULL, '50.6', NULL, '2024-05-13 05:45:11', '2024-05-13 08:32:08', 'D11501'),
(1078, 22, 41, 'OK', 'checked', 12, NULL, '7.2', NULL, '2024-05-13 05:45:11', '2024-05-13 08:32:08', 'D11501'),
(1079, 22, 42, 'OK', 'checked', 12, NULL, '10', NULL, '2024-05-13 05:45:11', '2024-05-13 08:32:08', 'D11501'),
(1080, 22, 43, 'OK', 'checked', 12, NULL, '42', NULL, '2024-05-13 05:45:11', '2024-05-13 08:32:08', 'D11501'),
(1081, 22, 44, 'OK', 'checked', 12, NULL, '3', NULL, '2024-05-13 05:45:11', '2024-05-13 08:32:08', 'D11501'),
(1082, 22, 1, 'NG', 'checked', 13, '1', NULL, NULL, '2024-05-13 05:45:11', '2024-05-13 08:32:09', 'D11501'),
(1083, 22, 2, 'OK', 'checked', 13, NULL, NULL, NULL, '2024-05-13 05:45:11', '2024-05-13 08:27:32', 'D11501'),
(1084, 22, 32, 'OK', 'checked', 13, NULL, NULL, NULL, '2024-05-13 05:45:11', '2024-05-13 08:27:34', 'D11501'),
(1085, 22, 33, 'OK', 'checked', 13, NULL, NULL, NULL, '2024-05-13 05:45:11', '2024-05-13 08:27:34', 'D11501'),
(1086, 22, 34, 'OK', 'checked', 13, NULL, NULL, NULL, '2024-05-13 05:45:11', '2024-05-13 08:27:34', 'D11501'),
(1087, 22, 35, 'OK', 'checked', 13, NULL, NULL, NULL, '2024-05-13 05:45:11', '2024-05-13 08:27:35', 'D11501'),
(1088, 22, 36, 'OK', 'checked', 13, NULL, NULL, NULL, '2024-05-13 05:45:11', '2024-05-13 08:27:35', 'D11501'),
(1089, 22, 38, 'OK', 'checked', 13, NULL, NULL, NULL, '2024-05-13 05:45:11', '2024-05-13 08:27:36', 'D11501'),
(1090, 22, 39, 'OK', 'checked', 13, NULL, NULL, NULL, '2024-05-13 05:45:11', '2024-05-13 08:27:37', 'D11501'),
(1091, 22, 40, 'OK', 'checked', 13, NULL, '50', NULL, '2024-05-13 05:45:11', '2024-05-13 08:32:08', 'D11501'),
(1092, 22, 41, 'OK', 'checked', 13, NULL, '7.2', NULL, '2024-05-13 05:45:12', '2024-05-13 08:32:08', 'D11501'),
(1093, 22, 42, 'OK', 'checked', 13, NULL, '10', NULL, '2024-05-13 05:45:12', '2024-05-13 08:32:08', 'D11501'),
(1094, 22, 43, 'OK', 'checked', 13, NULL, '42', NULL, '2024-05-13 05:45:12', '2024-05-13 08:32:08', 'D11501'),
(1095, 22, 44, 'OK', 'checked', 13, NULL, '3', NULL, '2024-05-13 05:45:12', '2024-05-13 08:32:08', 'D11501'),
(1447, 24, 6, 'OK', 'checked', 1, '0', NULL, NULL, '2024-05-13 10:06:29', '2024-05-13 10:13:11', 'E11000-54'),
(1448, 24, 7, 'OK', 'checked', 1, NULL, NULL, NULL, '2024-05-13 10:06:29', '2024-05-13 10:13:00', 'E11000-54'),
(1449, 24, 8, 'OK', 'checked', 1, NULL, NULL, NULL, '2024-05-13 10:06:29', '2024-05-13 10:12:59', 'E11000-54'),
(1450, 24, 9, 'OK', 'checked', 1, NULL, NULL, NULL, '2024-05-13 10:06:29', '2024-05-13 10:12:58', 'E11000-54'),
(1451, 24, 10, 'OK', 'checked', 1, NULL, NULL, NULL, '2024-05-13 10:06:29', '2024-05-13 10:12:58', 'E11000-54'),
(1452, 24, 11, 'OK', 'checked', 1, NULL, NULL, NULL, '2024-05-13 10:06:29', '2024-05-13 10:12:58', 'E11000-54'),
(1453, 24, 12, 'OK', 'checked', 1, NULL, NULL, NULL, '2024-05-13 10:06:29', '2024-05-13 10:12:57', 'E11000-54'),
(1454, 24, 13, 'OK', 'checked', 1, NULL, NULL, NULL, '2024-05-13 10:06:29', '2024-05-13 10:12:56', 'E11000-54'),
(1455, 24, 14, 'OK', 'checked', 1, NULL, '12', NULL, '2024-05-13 10:06:29', '2024-05-13 10:13:08', 'E11000-54'),
(1456, 24, 15, 'OK', 'checked', 1, NULL, '3.5', NULL, '2024-05-13 10:06:29', '2024-05-13 10:13:08', 'E11000-54'),
(1457, 24, 16, 'OK', 'checked', 1, NULL, '15', NULL, '2024-05-13 10:06:29', '2024-05-13 10:13:08', 'E11000-54'),
(1458, 24, 17, 'OK', 'checked', 1, NULL, NULL, NULL, '2024-05-13 10:06:29', '2024-05-13 10:07:07', 'E11000-54'),
(1459, 24, 6, 'OK', 'checked', 2, '1', NULL, NULL, '2024-05-13 10:06:30', '2024-05-13 10:13:11', 'E11000-54'),
(1460, 24, 7, 'OK', 'checked', 2, NULL, NULL, NULL, '2024-05-13 10:06:30', '2024-05-13 10:12:54', 'E11000-54'),
(1461, 24, 8, 'OK', 'checked', 2, NULL, NULL, NULL, '2024-05-13 10:06:30', '2024-05-13 10:12:54', 'E11000-54'),
(1462, 24, 9, 'OK', 'checked', 2, NULL, NULL, NULL, '2024-05-13 10:06:30', '2024-05-13 10:12:54', 'E11000-54'),
(1463, 24, 10, 'NG', 'checked', 2, NULL, NULL, NULL, '2024-05-13 10:06:30', '2024-05-13 10:12:52', 'E11000-54'),
(1464, 24, 11, 'NG', 'checked', 2, NULL, NULL, NULL, '2024-05-13 10:06:30', '2024-05-13 10:12:53', 'E11000-54'),
(1465, 24, 12, 'OK', 'checked', 2, NULL, NULL, NULL, '2024-05-13 10:06:30', '2024-05-13 10:12:50', 'E11000-54'),
(1466, 24, 13, 'OK', 'checked', 2, NULL, NULL, NULL, '2024-05-13 10:06:30', '2024-05-13 10:12:50', 'E11000-54'),
(1467, 24, 14, 'OK', 'checked', 2, NULL, '12', NULL, '2024-05-13 10:06:30', '2024-05-13 10:13:08', 'E11000-54'),
(1468, 24, 15, 'OK', 'checked', 2, NULL, '3.5', NULL, '2024-05-13 10:06:30', '2024-05-13 10:13:08', 'E11000-54'),
(1469, 24, 16, 'OK', 'checked', 2, NULL, '15', NULL, '2024-05-13 10:06:30', '2024-05-13 10:13:08', 'E11000-54'),
(1470, 24, 17, 'OK', 'checked', 2, NULL, NULL, NULL, '2024-05-13 10:06:30', '2024-05-13 10:07:29', 'E11000-54'),
(1471, 24, 6, 'OK', 'checked', 3, '0', NULL, NULL, '2024-05-13 10:06:30', '2024-05-13 10:13:11', 'E11000-54'),
(1472, 24, 7, 'OK', 'checked', 3, NULL, NULL, NULL, '2024-05-13 10:06:30', '2024-05-13 10:12:48', 'E11000-54'),
(1473, 24, 8, 'OK', 'checked', 3, NULL, NULL, NULL, '2024-05-13 10:06:30', '2024-05-13 10:12:47', 'E11000-54'),
(1474, 24, 9, 'OK', 'checked', 3, NULL, NULL, NULL, '2024-05-13 10:06:30', '2024-05-13 10:12:47', 'E11000-54'),
(1475, 24, 10, 'OK', 'checked', 3, NULL, NULL, NULL, '2024-05-13 10:06:30', '2024-05-13 10:12:47', 'E11000-54'),
(1476, 24, 11, 'OK', 'checked', 3, NULL, NULL, NULL, '2024-05-13 10:06:30', '2024-05-13 10:12:46', 'E11000-54'),
(1477, 24, 12, 'OK', 'checked', 3, NULL, NULL, NULL, '2024-05-13 10:06:30', '2024-05-13 10:12:45', 'E11000-54'),
(1478, 24, 13, 'OK', 'checked', 3, NULL, NULL, NULL, '2024-05-13 10:06:30', '2024-05-13 10:12:45', 'E11000-54'),
(1479, 24, 14, 'OK', 'checked', 3, NULL, '12', NULL, '2024-05-13 10:06:30', '2024-05-13 10:13:08', 'E11000-54'),
(1480, 24, 15, 'OK', 'checked', 3, NULL, '35', NULL, '2024-05-13 10:06:31', '2024-05-13 10:13:08', 'E11000-54'),
(1481, 24, 16, 'OK', 'checked', 3, NULL, '15', NULL, '2024-05-13 10:06:31', '2024-05-13 10:13:08', 'E11000-54'),
(1482, 24, 17, 'OK', 'checked', 3, NULL, NULL, NULL, '2024-05-13 10:06:31', '2024-05-13 10:09:27', 'E11000-54'),
(1483, 24, 6, 'OK', 'checked', 4, '0', NULL, NULL, '2024-05-13 10:06:31', '2024-05-13 10:13:11', 'E11000-54'),
(1484, 24, 7, 'OK', 'checked', 4, NULL, NULL, NULL, '2024-05-13 10:06:31', '2024-05-13 10:12:43', 'E11000-54'),
(1485, 24, 8, 'OK', 'checked', 4, NULL, NULL, NULL, '2024-05-13 10:06:31', '2024-05-13 10:12:43', 'E11000-54'),
(1486, 24, 9, 'OK', 'checked', 4, NULL, NULL, NULL, '2024-05-13 10:06:31', '2024-05-13 10:12:42', 'E11000-54'),
(1487, 24, 10, 'OK', 'checked', 4, NULL, NULL, NULL, '2024-05-13 10:06:31', '2024-05-13 10:12:42', 'E11000-54'),
(1488, 24, 11, 'OK', 'checked', 4, NULL, NULL, NULL, '2024-05-13 10:06:32', '2024-05-13 10:12:41', 'E11000-54'),
(1489, 24, 12, 'OK', 'checked', 4, NULL, NULL, NULL, '2024-05-13 10:06:32', '2024-05-13 10:12:40', 'E11000-54'),
(1490, 24, 13, 'OK', 'checked', 4, NULL, NULL, NULL, '2024-05-13 10:06:32', '2024-05-13 10:12:40', 'E11000-54'),
(1491, 24, 14, 'OK', 'checked', 4, NULL, '12', NULL, '2024-05-13 10:06:32', '2024-05-13 10:13:08', 'E11000-54'),
(1492, 24, 15, 'OK', 'checked', 4, NULL, '3.5', NULL, '2024-05-13 10:06:32', '2024-05-13 10:13:08', 'E11000-54'),
(1493, 24, 16, 'OK', 'checked', 4, NULL, '15', NULL, '2024-05-13 10:06:32', '2024-05-13 10:13:08', 'E11000-54'),
(1494, 24, 17, 'OK', 'checked', 4, NULL, NULL, NULL, '2024-05-13 10:06:32', '2024-05-13 10:09:44', 'E11000-54'),
(1495, 24, 6, 'OK', 'checked', 5, '0', NULL, NULL, '2024-05-13 10:06:32', '2024-05-13 10:13:11', 'E11000-54'),
(1496, 24, 7, 'OK', 'checked', 5, NULL, NULL, NULL, '2024-05-13 10:06:32', '2024-05-13 10:12:39', 'E11000-54'),
(1497, 24, 8, 'OK', 'checked', 5, NULL, NULL, NULL, '2024-05-13 10:06:32', '2024-05-13 10:12:37', 'E11000-54'),
(1498, 24, 9, 'OK', 'checked', 5, NULL, NULL, NULL, '2024-05-13 10:06:32', '2024-05-13 10:12:38', 'E11000-54'),
(1499, 24, 10, 'OK', 'checked', 5, NULL, NULL, NULL, '2024-05-13 10:06:32', '2024-05-13 10:12:37', 'E11000-54'),
(1500, 24, 11, 'OK', 'checked', 5, NULL, NULL, NULL, '2024-05-13 10:06:32', '2024-05-13 10:12:36', 'E11000-54'),
(1501, 24, 12, 'OK', 'checked', 5, NULL, NULL, NULL, '2024-05-13 10:06:32', '2024-05-13 10:12:35', 'E11000-54'),
(1502, 24, 13, 'OK', 'checked', 5, NULL, NULL, NULL, '2024-05-13 10:06:32', '2024-05-13 10:12:35', 'E11000-54'),
(1503, 24, 14, 'OK', 'checked', 5, NULL, '12', NULL, '2024-05-13 10:06:32', '2024-05-13 10:13:08', 'E11000-54'),
(1504, 24, 15, 'OK', 'checked', 5, NULL, '3.5', NULL, '2024-05-13 10:06:32', '2024-05-13 10:13:08', 'E11000-54'),
(1505, 24, 16, 'OK', 'checked', 5, NULL, '15', NULL, '2024-05-13 10:06:32', '2024-05-13 10:13:08', 'E11000-54'),
(1506, 24, 17, 'OK', 'checked', 5, NULL, NULL, NULL, '2024-05-13 10:06:32', '2024-05-13 10:09:51', 'E11000-54'),
(1507, 24, 6, 'OK', 'checked', 6, '0', NULL, NULL, '2024-05-13 10:06:32', '2024-05-13 10:13:11', 'E11000-54'),
(1508, 24, 7, 'OK', 'checked', 6, NULL, NULL, NULL, '2024-05-13 10:06:32', '2024-05-13 10:12:33', 'E11000-54'),
(1509, 24, 8, 'OK', 'checked', 6, NULL, NULL, NULL, '2024-05-13 10:06:32', '2024-05-13 10:12:33', 'E11000-54'),
(1510, 24, 9, 'OK', 'checked', 6, NULL, NULL, NULL, '2024-05-13 10:06:32', '2024-05-13 10:12:31', 'E11000-54'),
(1511, 24, 10, 'OK', 'checked', 6, NULL, NULL, NULL, '2024-05-13 10:06:32', '2024-05-13 10:12:30', 'E11000-54'),
(1512, 24, 11, 'OK', 'checked', 6, NULL, NULL, NULL, '2024-05-13 10:06:32', '2024-05-13 10:12:30', 'E11000-54'),
(1513, 24, 12, 'OK', 'checked', 6, NULL, NULL, NULL, '2024-05-13 10:06:32', '2024-05-13 10:12:29', 'E11000-54'),
(1514, 24, 13, 'OK', 'checked', 6, NULL, NULL, NULL, '2024-05-13 10:06:32', '2024-05-13 10:12:28', 'E11000-54'),
(1515, 24, 14, 'OK', 'checked', 6, NULL, '12', NULL, '2024-05-13 10:06:32', '2024-05-13 10:13:09', 'E11000-54'),
(1516, 24, 15, 'OK', 'checked', 6, NULL, '3.5', NULL, '2024-05-13 10:06:32', '2024-05-13 10:13:09', 'E11000-54'),
(1517, 24, 16, 'OK', 'checked', 6, NULL, '15', NULL, '2024-05-13 10:06:33', '2024-05-13 10:13:09', 'E11000-54'),
(1518, 24, 17, 'OK', 'checked', 6, NULL, NULL, NULL, '2024-05-13 10:06:33', '2024-05-13 10:09:59', 'E11000-54'),
(1519, 24, 6, 'OK', 'checked', 7, '0', NULL, NULL, '2024-05-13 10:06:33', '2024-05-13 10:13:11', 'E11000-54'),
(1520, 24, 7, 'OK', 'checked', 7, NULL, NULL, NULL, '2024-05-13 10:06:33', '2024-05-13 10:11:51', 'E11000-54'),
(1521, 24, 8, 'OK', 'checked', 7, NULL, NULL, NULL, '2024-05-13 10:06:33', '2024-05-13 10:11:50', 'E11000-54'),
(1522, 24, 9, 'OK', 'checked', 7, NULL, NULL, NULL, '2024-05-13 10:06:33', '2024-05-13 10:11:49', 'E11000-54'),
(1523, 24, 10, 'OK', 'checked', 7, NULL, NULL, NULL, '2024-05-13 10:06:33', '2024-05-13 10:11:49', 'E11000-54'),
(1524, 24, 11, 'OK', 'checked', 7, NULL, NULL, NULL, '2024-05-13 10:06:33', '2024-05-13 10:11:48', 'E11000-54'),
(1525, 24, 12, 'OK', 'checked', 7, NULL, NULL, NULL, '2024-05-13 10:06:33', '2024-05-13 10:11:48', 'E11000-54'),
(1526, 24, 13, 'OK', 'checked', 7, NULL, NULL, NULL, '2024-05-13 10:06:33', '2024-05-13 10:11:47', 'E11000-54'),
(1527, 24, 14, 'OK', 'checked', 7, NULL, '12', NULL, '2024-05-13 10:06:33', '2024-05-13 10:13:09', 'E11000-54'),
(1528, 24, 15, 'OK', 'checked', 7, NULL, '3.5', NULL, '2024-05-13 10:06:33', '2024-05-13 10:13:09', 'E11000-54'),
(1529, 24, 16, 'OK', 'checked', 7, NULL, '15', NULL, '2024-05-13 10:06:33', '2024-05-13 10:13:09', 'E11000-54'),
(1530, 24, 17, 'OK', 'checked', 7, NULL, NULL, NULL, '2024-05-13 10:06:33', '2024-05-13 10:10:08', 'E11000-54'),
(1531, 24, 6, 'OK', 'checked', 8, '0', NULL, NULL, '2024-05-13 10:06:33', '2024-05-13 10:13:11', 'E11000-54'),
(1532, 24, 7, 'OK', 'checked', 8, NULL, NULL, NULL, '2024-05-13 10:06:33', '2024-05-13 10:11:45', 'E11000-54'),
(1533, 24, 8, 'OK', 'checked', 8, NULL, NULL, NULL, '2024-05-13 10:06:33', '2024-05-13 10:11:45', 'E11000-54'),
(1534, 24, 9, 'OK', 'checked', 8, NULL, NULL, NULL, '2024-05-13 10:06:33', '2024-05-13 10:11:44', 'E11000-54'),
(1535, 24, 10, 'OK', 'checked', 8, NULL, NULL, NULL, '2024-05-13 10:06:33', '2024-05-13 10:11:43', 'E11000-54'),
(1536, 24, 11, 'OK', 'checked', 8, NULL, NULL, NULL, '2024-05-13 10:06:33', '2024-05-13 10:11:43', 'E11000-54'),
(1537, 24, 12, 'OK', 'checked', 8, NULL, NULL, NULL, '2024-05-13 10:06:33', '2024-05-13 10:11:43', 'E11000-54'),
(1538, 24, 13, 'OK', 'checked', 8, NULL, NULL, NULL, '2024-05-13 10:06:33', '2024-05-13 10:11:42', 'E11000-54'),
(1539, 24, 14, 'OK', 'checked', 8, NULL, '12', NULL, '2024-05-13 10:06:33', '2024-05-13 10:13:09', 'E11000-54'),
(1540, 24, 15, 'OK', 'checked', 8, NULL, '3.5', NULL, '2024-05-13 10:06:33', '2024-05-13 10:13:09', 'E11000-54'),
(1541, 24, 16, 'OK', 'checked', 8, NULL, '15', NULL, '2024-05-13 10:06:33', '2024-05-13 10:13:09', 'E11000-54'),
(1542, 24, 17, 'OK', 'checked', 8, NULL, NULL, NULL, '2024-05-13 10:06:33', '2024-05-13 10:10:17', 'E11000-54');
INSERT INTO `catatan_cek` (`id`, `id_part_supply`, `id_standar_part`, `status`, `checksheet`, `urutan_sample`, `final_status`, `value_dimensi`, `tanggal_cek`, `created_at`, `updated_at`, `id_part`) VALUES
(1543, 24, 6, 'OK', 'checked', 9, '0', NULL, NULL, '2024-05-13 10:06:33', '2024-05-13 10:13:12', 'E11000-54'),
(1544, 24, 7, 'OK', 'checked', 9, NULL, NULL, NULL, '2024-05-13 10:06:33', '2024-05-13 10:11:40', 'E11000-54'),
(1545, 24, 8, 'OK', 'checked', 9, NULL, NULL, NULL, '2024-05-13 10:06:34', '2024-05-13 10:11:40', 'E11000-54'),
(1546, 24, 9, 'OK', 'checked', 9, NULL, NULL, NULL, '2024-05-13 10:06:34', '2024-05-13 10:11:38', 'E11000-54'),
(1547, 24, 10, 'OK', 'checked', 9, NULL, NULL, NULL, '2024-05-13 10:06:34', '2024-05-13 10:11:38', 'E11000-54'),
(1548, 24, 11, 'OK', 'checked', 9, NULL, NULL, NULL, '2024-05-13 10:06:34', '2024-05-13 10:11:37', 'E11000-54'),
(1549, 24, 12, 'OK', 'checked', 9, NULL, NULL, NULL, '2024-05-13 10:06:34', '2024-05-13 10:11:38', 'E11000-54'),
(1550, 24, 13, 'OK', 'checked', 9, NULL, NULL, NULL, '2024-05-13 10:06:34', '2024-05-13 10:11:36', 'E11000-54'),
(1551, 24, 14, 'OK', 'checked', 9, NULL, '12', NULL, '2024-05-13 10:06:34', '2024-05-13 10:13:09', 'E11000-54'),
(1552, 24, 15, 'OK', 'checked', 9, NULL, '3.5', NULL, '2024-05-13 10:06:34', '2024-05-13 10:13:09', 'E11000-54'),
(1553, 24, 16, 'OK', 'checked', 9, NULL, '15', NULL, '2024-05-13 10:06:34', '2024-05-13 10:13:09', 'E11000-54'),
(1554, 24, 17, 'OK', 'checked', 9, NULL, NULL, NULL, '2024-05-13 10:06:34', '2024-05-13 10:10:26', 'E11000-54'),
(1555, 24, 6, 'OK', 'checked', 10, '0', NULL, NULL, '2024-05-13 10:06:34', '2024-05-13 10:13:12', 'E11000-54'),
(1556, 24, 7, 'OK', 'checked', 10, NULL, NULL, NULL, '2024-05-13 10:06:34', '2024-05-13 10:11:35', 'E11000-54'),
(1557, 24, 8, 'OK', 'checked', 10, NULL, NULL, NULL, '2024-05-13 10:06:34', '2024-05-13 10:11:34', 'E11000-54'),
(1558, 24, 9, 'OK', 'checked', 10, NULL, NULL, NULL, '2024-05-13 10:06:34', '2024-05-13 10:11:33', 'E11000-54'),
(1559, 24, 10, 'OK', 'checked', 10, NULL, NULL, NULL, '2024-05-13 10:06:34', '2024-05-13 10:11:33', 'E11000-54'),
(1560, 24, 11, 'OK', 'checked', 10, NULL, NULL, NULL, '2024-05-13 10:06:34', '2024-05-13 10:11:32', 'E11000-54'),
(1561, 24, 12, 'OK', 'checked', 10, NULL, NULL, NULL, '2024-05-13 10:06:34', '2024-05-13 10:11:31', 'E11000-54'),
(1562, 24, 13, 'OK', 'checked', 10, NULL, NULL, NULL, '2024-05-13 10:06:34', '2024-05-13 10:11:31', 'E11000-54'),
(1563, 24, 14, 'OK', 'checked', 10, NULL, '12', NULL, '2024-05-13 10:06:34', '2024-05-13 10:13:09', 'E11000-54'),
(1564, 24, 15, 'OK', 'checked', 10, NULL, '3.5', NULL, '2024-05-13 10:06:34', '2024-05-13 10:13:09', 'E11000-54'),
(1565, 24, 16, 'OK', 'checked', 10, NULL, '15', NULL, '2024-05-13 10:06:34', '2024-05-13 10:13:09', 'E11000-54'),
(1566, 24, 17, 'OK', 'checked', 10, NULL, NULL, NULL, '2024-05-13 10:06:34', '2024-05-13 10:10:38', 'E11000-54'),
(1567, 24, 6, 'OK', 'checked', 11, '0', NULL, NULL, '2024-05-13 10:06:34', '2024-05-13 10:13:12', 'E11000-54'),
(1568, 24, 7, 'OK', 'checked', 11, NULL, NULL, NULL, '2024-05-13 10:06:34', '2024-05-13 10:11:29', 'E11000-54'),
(1569, 24, 8, 'OK', 'checked', 11, NULL, NULL, NULL, '2024-05-13 10:06:34', '2024-05-13 10:11:29', 'E11000-54'),
(1570, 24, 9, 'OK', 'checked', 11, NULL, NULL, NULL, '2024-05-13 10:06:34', '2024-05-13 10:11:28', 'E11000-54'),
(1571, 24, 10, 'OK', 'checked', 11, NULL, NULL, NULL, '2024-05-13 10:06:34', '2024-05-13 10:11:27', 'E11000-54'),
(1572, 24, 11, 'OK', 'checked', 11, NULL, NULL, NULL, '2024-05-13 10:06:34', '2024-05-13 10:11:27', 'E11000-54'),
(1573, 24, 12, 'OK', 'checked', 11, NULL, NULL, NULL, '2024-05-13 10:06:34', '2024-05-13 10:11:26', 'E11000-54'),
(1574, 24, 13, 'OK', 'checked', 11, NULL, NULL, NULL, '2024-05-13 10:06:34', '2024-05-13 10:11:25', 'E11000-54'),
(1575, 24, 14, 'OK', 'checked', 11, NULL, '12', NULL, '2024-05-13 10:06:34', '2024-05-13 10:13:09', 'E11000-54'),
(1576, 24, 15, 'OK', 'checked', 11, NULL, '3.5', NULL, '2024-05-13 10:06:34', '2024-05-13 10:13:09', 'E11000-54'),
(1577, 24, 16, 'OK', 'checked', 11, NULL, '15', NULL, '2024-05-13 10:06:34', '2024-05-13 10:13:09', 'E11000-54'),
(1578, 24, 17, 'OK', 'checked', 11, NULL, NULL, NULL, '2024-05-13 10:06:34', '2024-05-13 10:10:49', 'E11000-54'),
(1579, 24, 6, 'OK', 'checked', 12, '0', NULL, NULL, '2024-05-13 10:06:35', '2024-05-13 10:13:12', 'E11000-54'),
(1580, 24, 7, 'OK', 'checked', 12, NULL, NULL, NULL, '2024-05-13 10:06:35', '2024-05-13 10:11:24', 'E11000-54'),
(1581, 24, 8, 'OK', 'checked', 12, NULL, NULL, NULL, '2024-05-13 10:06:35', '2024-05-13 10:11:23', 'E11000-54'),
(1582, 24, 9, 'OK', 'checked', 12, NULL, NULL, NULL, '2024-05-13 10:06:35', '2024-05-13 10:11:23', 'E11000-54'),
(1583, 24, 10, 'OK', 'checked', 12, NULL, NULL, NULL, '2024-05-13 10:06:35', '2024-05-13 10:11:22', 'E11000-54'),
(1584, 24, 11, 'OK', 'checked', 12, NULL, NULL, NULL, '2024-05-13 10:06:35', '2024-05-13 10:11:22', 'E11000-54'),
(1585, 24, 12, 'OK', 'checked', 12, NULL, NULL, NULL, '2024-05-13 10:06:35', '2024-05-13 10:11:21', 'E11000-54'),
(1586, 24, 13, 'OK', 'checked', 12, NULL, NULL, NULL, '2024-05-13 10:06:35', '2024-05-13 10:11:21', 'E11000-54'),
(1587, 24, 14, 'OK', 'checked', 12, NULL, '12', NULL, '2024-05-13 10:06:35', '2024-05-13 10:13:09', 'E11000-54'),
(1588, 24, 15, 'OK', 'checked', 12, NULL, '3.5', NULL, '2024-05-13 10:06:35', '2024-05-13 10:13:10', 'E11000-54'),
(1589, 24, 16, 'OK', 'checked', 12, NULL, '15', NULL, '2024-05-13 10:06:35', '2024-05-13 10:13:10', 'E11000-54'),
(1590, 24, 17, 'OK', 'checked', 12, NULL, NULL, NULL, '2024-05-13 10:06:35', '2024-05-13 10:10:58', 'E11000-54'),
(1591, 24, 6, 'OK', 'checked', 13, '0', NULL, NULL, '2024-05-13 10:06:35', '2024-05-13 10:13:12', 'E11000-54'),
(1592, 24, 7, 'OK', 'checked', 13, NULL, NULL, NULL, '2024-05-13 10:06:35', '2024-05-13 10:11:19', 'E11000-54'),
(1593, 24, 8, 'OK', 'checked', 13, NULL, NULL, NULL, '2024-05-13 10:06:35', '2024-05-13 10:11:18', 'E11000-54'),
(1594, 24, 9, 'OK', 'checked', 13, NULL, NULL, NULL, '2024-05-13 10:06:35', '2024-05-13 10:11:18', 'E11000-54'),
(1595, 24, 10, 'OK', 'checked', 13, NULL, NULL, NULL, '2024-05-13 10:06:35', '2024-05-13 10:11:17', 'E11000-54'),
(1596, 24, 11, 'OK', 'checked', 13, NULL, NULL, NULL, '2024-05-13 10:06:35', '2024-05-13 10:11:16', 'E11000-54'),
(1597, 24, 12, 'OK', 'checked', 13, NULL, NULL, NULL, '2024-05-13 10:06:35', '2024-05-13 10:11:16', 'E11000-54'),
(1598, 24, 13, 'OK', 'checked', 13, NULL, NULL, NULL, '2024-05-13 10:06:35', '2024-05-13 10:11:15', 'E11000-54'),
(1599, 24, 14, 'OK', 'checked', 13, NULL, '12', NULL, '2024-05-13 10:06:35', '2024-05-13 10:13:10', 'E11000-54'),
(1600, 24, 15, 'OK', 'checked', 13, NULL, '3.5', NULL, '2024-05-13 10:06:35', '2024-05-13 10:13:10', 'E11000-54'),
(1601, 24, 16, 'OK', 'checked', 13, NULL, '15', NULL, '2024-05-13 10:06:35', '2024-05-13 10:13:10', 'E11000-54'),
(1602, 24, 17, 'OK', 'checked', 13, NULL, NULL, NULL, '2024-05-13 10:06:35', '2024-05-13 10:11:08', 'E11000-54'),
(1603, 25, 45, 'OK', 'checked', 1, '1', NULL, NULL, '2024-05-13 10:13:56', '2024-05-13 10:20:04', 'D10400-92'),
(1604, 25, 46, 'OK', 'checked', 1, NULL, NULL, NULL, '2024-05-13 10:13:56', '2024-05-13 10:19:51', 'D10400-92'),
(1605, 25, 47, 'OK', 'checked', 1, NULL, NULL, NULL, '2024-05-13 10:13:56', '2024-05-13 10:19:50', 'D10400-92'),
(1606, 25, 48, 'OK', 'checked', 1, NULL, NULL, NULL, '2024-05-13 10:13:56', '2024-05-13 10:19:49', 'D10400-92'),
(1607, 25, 49, 'OK', 'checked', 1, NULL, NULL, NULL, '2024-05-13 10:13:56', '2024-05-13 10:19:48', 'D10400-92'),
(1608, 25, 50, 'OK', 'checked', 1, NULL, NULL, NULL, '2024-05-13 10:13:56', '2024-05-13 10:19:47', 'D10400-92'),
(1609, 25, 51, 'OK', 'checked', 1, NULL, NULL, NULL, '2024-05-13 10:13:56', '2024-05-13 10:19:46', 'D10400-92'),
(1610, 25, 52, 'OK', 'checked', 1, NULL, NULL, NULL, '2024-05-13 10:13:56', '2024-05-13 10:19:45', 'D10400-92'),
(1611, 25, 53, 'OK', 'checked', 1, NULL, '2', NULL, '2024-05-13 10:13:56', '2024-05-13 10:20:02', 'D10400-92'),
(1612, 25, 54, 'NG', 'checked', 1, NULL, '6', NULL, '2024-05-13 10:13:56', '2024-05-13 10:20:02', 'D10400-92'),
(1613, 25, 55, 'OK', 'checked', 1, NULL, '7.32', NULL, '2024-05-13 10:13:56', '2024-05-13 10:20:02', 'D10400-92'),
(1614, 25, 56, 'OK', 'checked', 1, NULL, '5.2', NULL, '2024-05-13 10:13:56', '2024-05-13 10:20:02', 'D10400-92'),
(1615, 25, 57, 'OK', 'checked', 1, NULL, NULL, NULL, '2024-05-13 10:13:56', '2024-05-13 10:14:38', 'D10400-92'),
(1616, 25, 45, 'OK', 'checked', 2, '1', NULL, NULL, '2024-05-13 10:13:57', '2024-05-13 10:20:04', 'D10400-92'),
(1617, 25, 46, 'OK', 'checked', 2, NULL, NULL, NULL, '2024-05-13 10:13:57', '2024-05-13 10:19:43', 'D10400-92'),
(1618, 25, 47, 'OK', 'checked', 2, NULL, NULL, NULL, '2024-05-13 10:13:57', '2024-05-13 10:19:43', 'D10400-92'),
(1619, 25, 48, 'OK', 'checked', 2, NULL, NULL, NULL, '2024-05-13 10:13:57', '2024-05-13 10:19:42', 'D10400-92'),
(1620, 25, 49, 'OK', 'checked', 2, NULL, NULL, NULL, '2024-05-13 10:13:57', '2024-05-13 10:19:41', 'D10400-92'),
(1621, 25, 50, 'NG', 'checked', 2, NULL, NULL, NULL, '2024-05-13 10:13:57', '2024-05-13 10:19:41', 'D10400-92'),
(1622, 25, 51, 'NG', 'checked', 2, NULL, NULL, NULL, '2024-05-13 10:13:57', '2024-05-13 10:19:40', 'D10400-92'),
(1623, 25, 52, 'OK', 'checked', 2, NULL, NULL, NULL, '2024-05-13 10:13:57', '2024-05-13 10:19:39', 'D10400-92'),
(1624, 25, 53, 'OK', 'checked', 2, NULL, '2', NULL, '2024-05-13 10:13:57', '2024-05-13 10:20:02', 'D10400-92'),
(1625, 25, 54, 'OK', 'checked', 2, NULL, '6.3', NULL, '2024-05-13 10:13:57', '2024-05-13 10:20:02', 'D10400-92'),
(1626, 25, 55, 'OK', 'checked', 2, NULL, '7.32', NULL, '2024-05-13 10:13:57', '2024-05-13 10:20:02', 'D10400-92'),
(1627, 25, 56, 'OK', 'checked', 2, NULL, '5.2', NULL, '2024-05-13 10:13:57', '2024-05-13 10:20:02', 'D10400-92'),
(1628, 25, 57, 'OK', 'checked', 2, NULL, NULL, NULL, '2024-05-13 10:13:57', '2024-05-13 10:14:39', 'D10400-92'),
(1629, 25, 45, 'OK', 'checked', 3, '0', NULL, NULL, '2024-05-13 10:13:57', '2024-05-13 10:20:04', 'D10400-92'),
(1630, 25, 46, 'OK', 'checked', 3, NULL, NULL, NULL, '2024-05-13 10:13:57', '2024-05-13 10:19:37', 'D10400-92'),
(1631, 25, 47, 'OK', 'checked', 3, NULL, NULL, NULL, '2024-05-13 10:13:57', '2024-05-13 10:19:36', 'D10400-92'),
(1632, 25, 48, 'OK', 'checked', 3, NULL, NULL, NULL, '2024-05-13 10:13:57', '2024-05-13 10:19:35', 'D10400-92'),
(1633, 25, 49, 'OK', 'checked', 3, NULL, NULL, NULL, '2024-05-13 10:13:57', '2024-05-13 10:19:34', 'D10400-92'),
(1634, 25, 50, 'OK', 'checked', 3, NULL, NULL, NULL, '2024-05-13 10:13:57', '2024-05-13 10:19:34', 'D10400-92'),
(1635, 25, 51, 'OK', 'checked', 3, NULL, NULL, NULL, '2024-05-13 10:13:57', '2024-05-13 10:19:33', 'D10400-92'),
(1636, 25, 52, 'OK', 'checked', 3, NULL, NULL, NULL, '2024-05-13 10:13:57', '2024-05-13 10:19:32', 'D10400-92'),
(1637, 25, 53, 'OK', 'checked', 3, NULL, '2', NULL, '2024-05-13 10:13:57', '2024-05-13 10:20:02', 'D10400-92'),
(1638, 25, 54, 'OK', 'checked', 3, NULL, '6.3', NULL, '2024-05-13 10:13:57', '2024-05-13 10:20:02', 'D10400-92'),
(1639, 25, 55, 'OK', 'checked', 3, NULL, '7.32', NULL, '2024-05-13 10:13:57', '2024-05-13 10:20:02', 'D10400-92'),
(1640, 25, 56, 'OK', 'checked', 3, NULL, '5.2', NULL, '2024-05-13 10:13:57', '2024-05-13 10:20:02', 'D10400-92'),
(1641, 25, 57, 'OK', 'checked', 3, NULL, NULL, NULL, '2024-05-13 10:13:57', '2024-05-13 10:14:36', 'D10400-92'),
(1642, 25, 45, 'OK', 'checked', 4, '0', NULL, NULL, '2024-05-13 10:13:57', '2024-05-13 10:20:04', 'D10400-92'),
(1643, 25, 46, 'OK', 'checked', 4, NULL, NULL, NULL, '2024-05-13 10:13:57', '2024-05-13 10:19:31', 'D10400-92'),
(1644, 25, 47, 'OK', 'checked', 4, NULL, NULL, NULL, '2024-05-13 10:13:57', '2024-05-13 10:19:30', 'D10400-92'),
(1645, 25, 48, 'OK', 'checked', 4, NULL, NULL, NULL, '2024-05-13 10:13:57', '2024-05-13 10:19:29', 'D10400-92'),
(1646, 25, 49, 'OK', 'checked', 4, NULL, NULL, NULL, '2024-05-13 10:13:57', '2024-05-13 10:19:29', 'D10400-92'),
(1647, 25, 50, 'OK', 'checked', 4, NULL, NULL, NULL, '2024-05-13 10:13:58', '2024-05-13 10:19:28', 'D10400-92'),
(1648, 25, 51, 'OK', 'checked', 4, NULL, NULL, NULL, '2024-05-13 10:13:58', '2024-05-13 10:19:27', 'D10400-92'),
(1649, 25, 52, 'OK', 'checked', 4, NULL, NULL, NULL, '2024-05-13 10:13:58', '2024-05-13 10:19:26', 'D10400-92'),
(1650, 25, 53, 'OK', 'checked', 4, NULL, '2', NULL, '2024-05-13 10:13:58', '2024-05-13 10:20:02', 'D10400-92'),
(1651, 25, 54, 'OK', 'checked', 4, NULL, '6.3', NULL, '2024-05-13 10:13:58', '2024-05-13 10:20:02', 'D10400-92'),
(1652, 25, 55, 'OK', 'checked', 4, NULL, '7.32', NULL, '2024-05-13 10:13:58', '2024-05-13 10:20:02', 'D10400-92'),
(1653, 25, 56, 'OK', 'checked', 4, NULL, '5.2', NULL, '2024-05-13 10:13:58', '2024-05-13 10:20:02', 'D10400-92'),
(1654, 25, 57, 'OK', 'checked', 4, NULL, NULL, NULL, '2024-05-13 10:13:58', '2024-05-13 10:14:36', 'D10400-92'),
(1655, 25, 45, 'OK', 'checked', 5, '0', NULL, NULL, '2024-05-13 10:13:58', '2024-05-13 10:20:04', 'D10400-92'),
(1656, 25, 46, 'OK', 'checked', 5, NULL, NULL, NULL, '2024-05-13 10:13:58', '2024-05-13 10:19:25', 'D10400-92'),
(1657, 25, 47, 'OK', 'checked', 5, NULL, NULL, NULL, '2024-05-13 10:13:58', '2024-05-13 10:19:24', 'D10400-92'),
(1658, 25, 48, 'OK', 'checked', 5, NULL, NULL, NULL, '2024-05-13 10:13:58', '2024-05-13 10:19:24', 'D10400-92'),
(1659, 25, 49, 'OK', 'checked', 5, NULL, NULL, NULL, '2024-05-13 10:13:58', '2024-05-13 10:19:23', 'D10400-92'),
(1660, 25, 50, 'OK', 'checked', 5, NULL, NULL, NULL, '2024-05-13 10:13:58', '2024-05-13 10:19:22', 'D10400-92'),
(1661, 25, 51, 'OK', 'checked', 5, NULL, NULL, NULL, '2024-05-13 10:13:58', '2024-05-13 10:19:21', 'D10400-92'),
(1662, 25, 52, 'OK', 'checked', 5, NULL, NULL, NULL, '2024-05-13 10:13:58', '2024-05-13 10:19:20', 'D10400-92'),
(1663, 25, 53, 'OK', 'checked', 5, NULL, '2', NULL, '2024-05-13 10:13:58', '2024-05-13 10:20:02', 'D10400-92'),
(1664, 25, 54, 'OK', 'checked', 5, NULL, '6.3', NULL, '2024-05-13 10:13:58', '2024-05-13 10:20:02', 'D10400-92'),
(1665, 25, 55, 'OK', 'checked', 5, NULL, '7.32', NULL, '2024-05-13 10:13:58', '2024-05-13 10:20:02', 'D10400-92'),
(1666, 25, 56, 'OK', 'checked', 5, NULL, '5.2', NULL, '2024-05-13 10:13:58', '2024-05-13 10:20:02', 'D10400-92'),
(1667, 25, 57, 'OK', 'checked', 5, NULL, NULL, NULL, '2024-05-13 10:13:58', '2024-05-13 10:14:35', 'D10400-92'),
(1668, 25, 45, 'OK', 'checked', 6, '1', NULL, NULL, '2024-05-13 10:13:58', '2024-05-13 10:20:04', 'D10400-92'),
(1669, 25, 46, 'OK', 'checked', 6, NULL, NULL, NULL, '2024-05-13 10:13:58', '2024-05-13 10:19:19', 'D10400-92'),
(1670, 25, 47, 'OK', 'checked', 6, NULL, NULL, NULL, '2024-05-13 10:13:58', '2024-05-13 10:19:18', 'D10400-92'),
(1671, 25, 48, 'OK', 'checked', 6, NULL, NULL, NULL, '2024-05-13 10:13:58', '2024-05-13 10:19:17', 'D10400-92'),
(1672, 25, 49, 'OK', 'checked', 6, NULL, NULL, NULL, '2024-05-13 10:13:58', '2024-05-13 10:19:16', 'D10400-92'),
(1673, 25, 50, 'OK', 'checked', 6, NULL, NULL, NULL, '2024-05-13 10:13:58', '2024-05-13 10:19:16', 'D10400-92'),
(1674, 25, 51, 'OK', 'checked', 6, NULL, NULL, NULL, '2024-05-13 10:13:58', '2024-05-13 10:19:15', 'D10400-92'),
(1675, 25, 52, 'OK', 'checked', 6, NULL, NULL, NULL, '2024-05-13 10:13:58', '2024-05-13 10:19:15', 'D10400-92'),
(1676, 25, 53, 'OK', 'checked', 6, NULL, '2', NULL, '2024-05-13 10:13:58', '2024-05-13 10:20:03', 'D10400-92'),
(1677, 25, 54, 'OK', 'checked', 6, NULL, '6.3', NULL, '2024-05-13 10:13:58', '2024-05-13 10:20:03', 'D10400-92'),
(1678, 25, 55, 'OK', 'checked', 6, NULL, '7.32', NULL, '2024-05-13 10:13:58', '2024-05-13 10:20:03', 'D10400-92'),
(1679, 25, 56, 'NG', 'checked', 6, NULL, '5', NULL, '2024-05-13 10:13:59', '2024-05-13 10:20:03', 'D10400-92'),
(1680, 25, 57, 'OK', 'checked', 6, NULL, NULL, NULL, '2024-05-13 10:13:59', '2024-05-13 10:14:34', 'D10400-92'),
(1681, 25, 45, 'OK', 'checked', 7, '0', NULL, NULL, '2024-05-13 10:13:59', '2024-05-13 10:20:04', 'D10400-92'),
(1682, 25, 46, 'OK', 'checked', 7, NULL, NULL, NULL, '2024-05-13 10:13:59', '2024-05-13 10:19:12', 'D10400-92'),
(1683, 25, 47, 'OK', 'checked', 7, NULL, NULL, NULL, '2024-05-13 10:13:59', '2024-05-13 10:19:11', 'D10400-92'),
(1684, 25, 48, 'OK', 'checked', 7, NULL, NULL, NULL, '2024-05-13 10:13:59', '2024-05-13 10:19:11', 'D10400-92'),
(1685, 25, 49, 'OK', 'checked', 7, NULL, NULL, NULL, '2024-05-13 10:13:59', '2024-05-13 10:19:10', 'D10400-92'),
(1686, 25, 50, 'OK', 'checked', 7, NULL, NULL, NULL, '2024-05-13 10:13:59', '2024-05-13 10:19:10', 'D10400-92'),
(1687, 25, 51, 'OK', 'checked', 7, NULL, NULL, NULL, '2024-05-13 10:13:59', '2024-05-13 10:19:09', 'D10400-92'),
(1688, 25, 52, 'OK', 'checked', 7, NULL, NULL, NULL, '2024-05-13 10:13:59', '2024-05-13 10:19:09', 'D10400-92'),
(1689, 25, 53, 'OK', 'checked', 7, NULL, '2', NULL, '2024-05-13 10:13:59', '2024-05-13 10:20:03', 'D10400-92'),
(1690, 25, 54, 'OK', 'checked', 7, NULL, '6.3', NULL, '2024-05-13 10:13:59', '2024-05-13 10:20:03', 'D10400-92'),
(1691, 25, 55, 'OK', 'checked', 7, NULL, '7.32', NULL, '2024-05-13 10:13:59', '2024-05-13 10:20:03', 'D10400-92'),
(1692, 25, 56, 'OK', 'checked', 7, NULL, '5.2', NULL, '2024-05-13 10:13:59', '2024-05-13 10:20:03', 'D10400-92'),
(1693, 25, 57, 'OK', 'checked', 7, NULL, NULL, NULL, '2024-05-13 10:13:59', '2024-05-13 10:14:33', 'D10400-92'),
(1694, 25, 45, 'OK', 'checked', 8, '0', NULL, NULL, '2024-05-13 10:13:59', '2024-05-13 10:20:04', 'D10400-92'),
(1695, 25, 46, 'OK', 'checked', 8, NULL, NULL, NULL, '2024-05-13 10:13:59', '2024-05-13 10:19:07', 'D10400-92'),
(1696, 25, 47, 'OK', 'checked', 8, NULL, NULL, NULL, '2024-05-13 10:13:59', '2024-05-13 10:19:06', 'D10400-92'),
(1697, 25, 48, 'OK', 'checked', 8, NULL, NULL, NULL, '2024-05-13 10:13:59', '2024-05-13 10:19:05', 'D10400-92'),
(1698, 25, 49, 'OK', 'checked', 8, NULL, NULL, NULL, '2024-05-13 10:13:59', '2024-05-13 10:19:05', 'D10400-92'),
(1699, 25, 50, 'OK', 'checked', 8, NULL, NULL, NULL, '2024-05-13 10:13:59', '2024-05-13 10:19:04', 'D10400-92'),
(1700, 25, 51, 'OK', 'checked', 8, NULL, NULL, NULL, '2024-05-13 10:13:59', '2024-05-13 10:19:04', 'D10400-92'),
(1701, 25, 52, 'OK', 'checked', 8, NULL, NULL, NULL, '2024-05-13 10:13:59', '2024-05-13 10:19:03', 'D10400-92'),
(1702, 25, 53, 'OK', 'checked', 8, NULL, '2', NULL, '2024-05-13 10:13:59', '2024-05-13 10:20:03', 'D10400-92'),
(1703, 25, 54, 'OK', 'checked', 8, NULL, '6.3', NULL, '2024-05-13 10:13:59', '2024-05-13 10:20:03', 'D10400-92'),
(1704, 25, 55, 'OK', 'checked', 8, NULL, '7.32', NULL, '2024-05-13 10:13:59', '2024-05-13 10:20:03', 'D10400-92'),
(1705, 25, 56, 'OK', 'checked', 8, NULL, '5.2', NULL, '2024-05-13 10:13:59', '2024-05-13 10:20:03', 'D10400-92'),
(1706, 25, 57, 'OK', 'checked', 8, NULL, NULL, NULL, '2024-05-13 10:13:59', '2024-05-13 10:14:32', 'D10400-92'),
(1707, 25, 45, 'OK', 'checked', 9, '0', NULL, NULL, '2024-05-13 10:13:59', '2024-05-13 10:20:04', 'D10400-92'),
(1708, 25, 46, 'OK', 'checked', 9, NULL, NULL, NULL, '2024-05-13 10:13:59', '2024-05-13 10:19:01', 'D10400-92'),
(1709, 25, 47, 'OK', 'checked', 9, NULL, NULL, NULL, '2024-05-13 10:13:59', '2024-05-13 10:19:01', 'D10400-92'),
(1710, 25, 48, 'OK', 'checked', 9, NULL, NULL, NULL, '2024-05-13 10:13:59', '2024-05-13 10:19:00', 'D10400-92'),
(1711, 25, 49, 'OK', 'checked', 9, NULL, NULL, NULL, '2024-05-13 10:13:59', '2024-05-13 10:19:00', 'D10400-92'),
(1712, 25, 50, 'OK', 'checked', 9, NULL, NULL, NULL, '2024-05-13 10:13:59', '2024-05-13 10:18:59', 'D10400-92'),
(1713, 25, 51, 'OK', 'checked', 9, NULL, NULL, NULL, '2024-05-13 10:13:59', '2024-05-13 10:18:59', 'D10400-92'),
(1714, 25, 52, 'OK', 'checked', 9, NULL, NULL, NULL, '2024-05-13 10:13:59', '2024-05-13 10:18:58', 'D10400-92'),
(1715, 25, 53, 'OK', 'checked', 9, NULL, '2', NULL, '2024-05-13 10:13:59', '2024-05-13 10:20:03', 'D10400-92'),
(1716, 25, 54, 'OK', 'checked', 9, NULL, '6.3', NULL, '2024-05-13 10:13:59', '2024-05-13 10:20:03', 'D10400-92'),
(1717, 25, 55, 'OK', 'checked', 9, NULL, '7.32', NULL, '2024-05-13 10:13:59', '2024-05-13 10:20:03', 'D10400-92'),
(1718, 25, 56, 'OK', 'checked', 9, NULL, '5.2', NULL, '2024-05-13 10:14:00', '2024-05-13 10:20:03', 'D10400-92'),
(1719, 25, 57, 'OK', 'checked', 9, NULL, NULL, NULL, '2024-05-13 10:14:00', '2024-05-13 10:14:31', 'D10400-92'),
(1720, 25, 45, 'OK', 'checked', 10, '0', NULL, NULL, '2024-05-13 10:14:00', '2024-05-13 10:20:04', 'D10400-92'),
(1721, 25, 46, 'OK', 'checked', 10, NULL, NULL, NULL, '2024-05-13 10:14:00', '2024-05-13 10:18:57', 'D10400-92'),
(1722, 25, 47, 'OK', 'checked', 10, NULL, NULL, NULL, '2024-05-13 10:14:00', '2024-05-13 10:18:56', 'D10400-92'),
(1723, 25, 48, 'OK', 'checked', 10, NULL, NULL, NULL, '2024-05-13 10:14:00', '2024-05-13 10:18:56', 'D10400-92'),
(1724, 25, 49, 'OK', 'checked', 10, NULL, NULL, NULL, '2024-05-13 10:14:00', '2024-05-13 10:18:55', 'D10400-92'),
(1725, 25, 50, 'OK', 'checked', 10, NULL, NULL, NULL, '2024-05-13 10:14:00', '2024-05-13 10:18:55', 'D10400-92'),
(1726, 25, 51, 'OK', 'checked', 10, NULL, NULL, NULL, '2024-05-13 10:14:00', '2024-05-13 10:18:54', 'D10400-92'),
(1727, 25, 52, 'OK', 'checked', 10, NULL, NULL, NULL, '2024-05-13 10:14:00', '2024-05-13 10:18:54', 'D10400-92'),
(1728, 25, 53, 'OK', 'checked', 10, NULL, '2', NULL, '2024-05-13 10:14:00', '2024-05-13 10:20:03', 'D10400-92'),
(1729, 25, 54, 'OK', 'checked', 10, NULL, '6.3', NULL, '2024-05-13 10:14:00', '2024-05-13 10:20:03', 'D10400-92'),
(1730, 25, 55, 'OK', 'checked', 10, NULL, '7.32', NULL, '2024-05-13 10:14:00', '2024-05-13 10:20:03', 'D10400-92'),
(1731, 25, 56, 'OK', 'checked', 10, NULL, '5.2', NULL, '2024-05-13 10:14:00', '2024-05-13 10:20:03', 'D10400-92'),
(1732, 25, 57, 'OK', 'checked', 10, NULL, NULL, NULL, '2024-05-13 10:14:00', '2024-05-13 10:14:30', 'D10400-92'),
(1733, 25, 45, 'OK', 'checked', 11, '0', NULL, NULL, '2024-05-13 10:14:00', '2024-05-13 10:20:04', 'D10400-92'),
(1734, 25, 46, 'OK', 'checked', 11, NULL, NULL, NULL, '2024-05-13 10:14:00', '2024-05-13 10:18:52', 'D10400-92'),
(1735, 25, 47, 'OK', 'checked', 11, NULL, NULL, NULL, '2024-05-13 10:14:00', '2024-05-13 10:18:51', 'D10400-92'),
(1736, 25, 48, 'OK', 'checked', 11, NULL, NULL, NULL, '2024-05-13 10:14:00', '2024-05-13 10:18:51', 'D10400-92'),
(1737, 25, 49, 'OK', 'checked', 11, NULL, NULL, NULL, '2024-05-13 10:14:00', '2024-05-13 10:18:50', 'D10400-92'),
(1738, 25, 50, 'OK', 'checked', 11, NULL, NULL, NULL, '2024-05-13 10:14:00', '2024-05-13 10:18:50', 'D10400-92'),
(1739, 25, 51, 'OK', 'checked', 11, NULL, NULL, NULL, '2024-05-13 10:14:00', '2024-05-13 10:18:49', 'D10400-92'),
(1740, 25, 52, 'OK', 'checked', 11, NULL, NULL, NULL, '2024-05-13 10:14:00', '2024-05-13 10:18:49', 'D10400-92'),
(1741, 25, 53, 'OK', 'checked', 11, NULL, '2', NULL, '2024-05-13 10:14:00', '2024-05-13 10:20:03', 'D10400-92'),
(1742, 25, 54, 'OK', 'checked', 11, NULL, '6.3', NULL, '2024-05-13 10:14:00', '2024-05-13 10:20:03', 'D10400-92'),
(1743, 25, 55, 'OK', 'checked', 11, NULL, '7.32', NULL, '2024-05-13 10:14:00', '2024-05-13 10:20:03', 'D10400-92'),
(1744, 25, 56, 'OK', 'checked', 11, NULL, '5.4', NULL, '2024-05-13 10:14:00', '2024-05-13 10:20:03', 'D10400-92'),
(1745, 25, 57, 'OK', 'checked', 11, NULL, NULL, NULL, '2024-05-13 10:14:00', '2024-05-13 10:14:29', 'D10400-92'),
(1746, 25, 45, 'OK', 'checked', 12, '0', NULL, NULL, '2024-05-13 10:14:00', '2024-05-13 10:20:04', 'D10400-92'),
(1747, 25, 46, 'OK', 'checked', 12, NULL, NULL, NULL, '2024-05-13 10:14:01', '2024-05-13 10:18:47', 'D10400-92'),
(1748, 25, 47, 'OK', 'checked', 12, NULL, NULL, NULL, '2024-05-13 10:14:01', '2024-05-13 10:18:47', 'D10400-92'),
(1749, 25, 48, 'OK', 'checked', 12, NULL, NULL, NULL, '2024-05-13 10:14:01', '2024-05-13 10:18:46', 'D10400-92'),
(1750, 25, 49, 'OK', 'checked', 12, NULL, NULL, NULL, '2024-05-13 10:14:01', '2024-05-13 10:18:46', 'D10400-92'),
(1751, 25, 50, 'OK', 'checked', 12, NULL, NULL, NULL, '2024-05-13 10:14:01', '2024-05-13 10:18:45', 'D10400-92'),
(1752, 25, 51, 'OK', 'checked', 12, NULL, NULL, NULL, '2024-05-13 10:14:01', '2024-05-13 10:18:44', 'D10400-92'),
(1753, 25, 52, 'OK', 'checked', 12, NULL, NULL, NULL, '2024-05-13 10:14:01', '2024-05-13 10:18:44', 'D10400-92'),
(1754, 25, 53, 'OK', 'checked', 12, NULL, '2', NULL, '2024-05-13 10:14:01', '2024-05-13 10:20:03', 'D10400-92'),
(1755, 25, 54, 'OK', 'checked', 12, NULL, '6.3', NULL, '2024-05-13 10:14:01', '2024-05-13 10:20:03', 'D10400-92'),
(1756, 25, 55, 'OK', 'checked', 12, NULL, '7.32', NULL, '2024-05-13 10:14:01', '2024-05-13 10:20:03', 'D10400-92'),
(1757, 25, 56, 'OK', 'checked', 12, NULL, '5.2', NULL, '2024-05-13 10:14:01', '2024-05-13 10:20:03', 'D10400-92'),
(1758, 25, 57, 'OK', 'checked', 12, NULL, NULL, NULL, '2024-05-13 10:14:01', '2024-05-13 10:14:28', 'D10400-92'),
(1759, 25, 45, 'OK', 'checked', 13, '0', NULL, NULL, '2024-05-13 10:14:01', '2024-05-13 10:20:04', 'D10400-92'),
(1760, 25, 46, 'OK', 'checked', 13, NULL, NULL, NULL, '2024-05-13 10:14:01', '2024-05-13 10:18:43', 'D10400-92'),
(1761, 25, 47, 'OK', 'checked', 13, NULL, NULL, NULL, '2024-05-13 10:14:01', '2024-05-13 10:18:42', 'D10400-92'),
(1762, 25, 48, 'OK', 'checked', 13, NULL, NULL, NULL, '2024-05-13 10:14:01', '2024-05-13 10:18:42', 'D10400-92'),
(1763, 25, 49, 'OK', 'checked', 13, NULL, NULL, NULL, '2024-05-13 10:14:01', '2024-05-13 10:18:41', 'D10400-92'),
(1764, 25, 50, 'OK', 'checked', 13, NULL, NULL, NULL, '2024-05-13 10:14:01', '2024-05-13 10:18:41', 'D10400-92'),
(1765, 25, 51, 'OK', 'checked', 13, NULL, NULL, NULL, '2024-05-13 10:14:01', '2024-05-13 10:18:40', 'D10400-92'),
(1766, 25, 52, 'OK', 'checked', 13, NULL, NULL, NULL, '2024-05-13 10:14:01', '2024-05-13 10:18:39', 'D10400-92'),
(1767, 25, 53, 'OK', 'checked', 13, NULL, '2.1', NULL, '2024-05-13 10:14:01', '2024-05-13 10:20:03', 'D10400-92'),
(1768, 25, 54, 'OK', 'checked', 13, NULL, '6.3', NULL, '2024-05-13 10:14:01', '2024-05-13 10:20:04', 'D10400-92'),
(1769, 25, 55, 'OK', 'checked', 13, NULL, '7.32', NULL, '2024-05-13 10:14:01', '2024-05-13 10:20:04', 'D10400-92'),
(1770, 25, 56, 'OK', 'checked', 13, NULL, '5.2', NULL, '2024-05-13 10:14:01', '2024-05-13 10:20:04', 'D10400-92'),
(1771, 25, 57, 'OK', 'checked', 13, NULL, NULL, NULL, '2024-05-13 10:14:01', '2024-05-13 10:14:27', 'D10400-92'),
(1772, 26, 1, 'OK', 'checked', 1, NULL, NULL, NULL, '2024-05-13 19:44:16', '2024-05-13 19:45:41', 'D11501'),
(1773, 26, 2, 'NG', 'checked', 1, NULL, NULL, NULL, '2024-05-13 19:44:16', '2024-05-13 19:45:44', 'D11501'),
(1774, 26, 32, 'NG', 'checked', 1, NULL, NULL, NULL, '2024-05-13 19:44:16', '2024-05-13 19:45:49', 'D11501'),
(1775, 26, 33, 'OK', 'checked', 1, NULL, NULL, NULL, '2024-05-13 19:44:16', '2024-05-13 19:45:51', 'D11501'),
(1776, 26, 34, 'OK', 'checked', 1, NULL, NULL, NULL, '2024-05-13 19:44:16', '2024-05-13 19:45:53', 'D11501'),
(1777, 26, 35, 'OK', 'checked', 1, NULL, NULL, NULL, '2024-05-13 19:44:16', '2024-05-13 19:45:55', 'D11501'),
(1778, 26, 36, 'OK', 'checked', 1, NULL, NULL, NULL, '2024-05-13 19:44:16', '2024-05-13 19:45:55', 'D11501'),
(1779, 26, 38, 'OK', 'checked', 1, NULL, NULL, NULL, '2024-05-13 19:44:16', '2024-05-13 19:45:56', 'D11501'),
(1780, 26, 39, 'OK', 'checked', 1, NULL, NULL, NULL, '2024-05-13 19:44:16', '2024-05-13 19:45:56', 'D11501'),
(1781, 26, 40, 'NG', 'checked', 1, NULL, NULL, NULL, '2024-05-13 19:44:16', '2024-05-19 03:56:37', 'D11501'),
(1782, 26, 41, 'OK', 'checked', 1, NULL, NULL, NULL, '2024-05-13 19:44:16', '2024-05-17 00:25:05', 'D11501'),
(1783, 26, 42, NULL, NULL, 1, NULL, NULL, NULL, '2024-05-13 19:44:16', '2024-05-13 19:44:16', 'D11501'),
(1784, 26, 43, NULL, NULL, 1, NULL, NULL, NULL, '2024-05-13 19:44:16', '2024-05-13 19:44:16', 'D11501'),
(1785, 26, 44, NULL, NULL, 1, NULL, NULL, NULL, '2024-05-13 19:44:16', '2024-05-13 19:44:16', 'D11501'),
(1786, 26, 1, 'OK', 'checked', 2, NULL, NULL, NULL, '2024-05-13 19:44:16', '2024-05-13 19:46:22', 'D11501'),
(1787, 26, 2, 'OK', 'checked', 2, NULL, NULL, NULL, '2024-05-13 19:44:16', '2024-05-13 19:46:22', 'D11501'),
(1788, 26, 32, NULL, NULL, 2, NULL, NULL, NULL, '2024-05-13 19:44:16', '2024-05-13 19:44:16', 'D11501'),
(1789, 26, 33, NULL, NULL, 2, NULL, NULL, NULL, '2024-05-13 19:44:16', '2024-05-13 19:44:16', 'D11501'),
(1790, 26, 34, NULL, NULL, 2, NULL, NULL, NULL, '2024-05-13 19:44:16', '2024-05-13 19:44:16', 'D11501'),
(1791, 26, 35, 'OK', 'checked', 2, NULL, NULL, NULL, '2024-05-13 19:44:16', '2024-05-17 00:28:02', 'D11501'),
(1792, 26, 36, NULL, NULL, 2, NULL, NULL, NULL, '2024-05-13 19:44:16', '2024-05-13 19:44:16', 'D11501'),
(1793, 26, 38, NULL, NULL, 2, NULL, NULL, NULL, '2024-05-13 19:44:16', '2024-05-13 19:44:16', 'D11501'),
(1794, 26, 39, NULL, NULL, 2, NULL, NULL, NULL, '2024-05-13 19:44:16', '2024-05-13 19:44:16', 'D11501'),
(1795, 26, 40, NULL, NULL, 2, NULL, NULL, NULL, '2024-05-13 19:44:16', '2024-05-13 19:44:16', 'D11501'),
(1796, 26, 41, NULL, NULL, 2, NULL, NULL, NULL, '2024-05-13 19:44:16', '2024-05-13 19:44:16', 'D11501'),
(1797, 26, 42, NULL, NULL, 2, NULL, NULL, NULL, '2024-05-13 19:44:16', '2024-05-13 19:44:16', 'D11501'),
(1798, 26, 43, NULL, NULL, 2, NULL, NULL, NULL, '2024-05-13 19:44:17', '2024-05-13 19:44:17', 'D11501'),
(1799, 26, 44, NULL, NULL, 2, NULL, NULL, NULL, '2024-05-13 19:44:17', '2024-05-13 19:44:17', 'D11501'),
(1800, 26, 1, NULL, NULL, 3, NULL, NULL, NULL, '2024-05-13 19:44:17', '2024-05-13 19:44:17', 'D11501'),
(1801, 26, 2, NULL, NULL, 3, NULL, NULL, NULL, '2024-05-13 19:44:17', '2024-05-13 19:44:17', 'D11501'),
(1802, 26, 32, NULL, NULL, 3, NULL, NULL, NULL, '2024-05-13 19:44:17', '2024-05-13 19:44:17', 'D11501'),
(1803, 26, 33, NULL, NULL, 3, NULL, NULL, NULL, '2024-05-13 19:44:17', '2024-05-13 19:44:17', 'D11501'),
(1804, 26, 34, NULL, NULL, 3, NULL, NULL, NULL, '2024-05-13 19:44:17', '2024-05-13 19:44:17', 'D11501'),
(1805, 26, 35, NULL, NULL, 3, NULL, NULL, NULL, '2024-05-13 19:44:17', '2024-05-13 19:44:17', 'D11501'),
(1806, 26, 36, NULL, NULL, 3, NULL, NULL, NULL, '2024-05-13 19:44:17', '2024-05-13 19:44:17', 'D11501'),
(1807, 26, 38, NULL, NULL, 3, NULL, NULL, NULL, '2024-05-13 19:44:17', '2024-05-13 19:44:17', 'D11501'),
(1808, 26, 39, NULL, NULL, 3, NULL, NULL, NULL, '2024-05-13 19:44:17', '2024-05-13 19:44:17', 'D11501'),
(1809, 26, 40, NULL, NULL, 3, NULL, NULL, NULL, '2024-05-13 19:44:17', '2024-05-13 19:44:17', 'D11501'),
(1810, 26, 41, NULL, NULL, 3, NULL, NULL, NULL, '2024-05-13 19:44:17', '2024-05-13 19:44:17', 'D11501'),
(1811, 26, 42, NULL, NULL, 3, NULL, NULL, NULL, '2024-05-13 19:44:17', '2024-05-13 19:44:17', 'D11501'),
(1812, 26, 43, NULL, NULL, 3, NULL, NULL, NULL, '2024-05-13 19:44:17', '2024-05-13 19:44:17', 'D11501'),
(1813, 26, 44, NULL, NULL, 3, NULL, NULL, NULL, '2024-05-13 19:44:17', '2024-05-13 19:44:17', 'D11501'),
(1814, 26, 1, NULL, NULL, 4, NULL, NULL, NULL, '2024-05-13 19:44:17', '2024-05-13 19:44:17', 'D11501'),
(1815, 26, 2, NULL, NULL, 4, NULL, NULL, NULL, '2024-05-13 19:44:17', '2024-05-13 19:44:17', 'D11501'),
(1816, 26, 32, NULL, NULL, 4, NULL, NULL, NULL, '2024-05-13 19:44:17', '2024-05-13 19:44:17', 'D11501'),
(1817, 26, 33, NULL, NULL, 4, NULL, NULL, NULL, '2024-05-13 19:44:17', '2024-05-13 19:44:17', 'D11501'),
(1818, 26, 34, NULL, NULL, 4, NULL, NULL, NULL, '2024-05-13 19:44:17', '2024-05-13 19:44:17', 'D11501'),
(1819, 26, 35, NULL, NULL, 4, NULL, NULL, NULL, '2024-05-13 19:44:17', '2024-05-13 19:44:17', 'D11501'),
(1820, 26, 36, NULL, NULL, 4, NULL, NULL, NULL, '2024-05-13 19:44:17', '2024-05-13 19:44:17', 'D11501'),
(1821, 26, 38, NULL, NULL, 4, NULL, NULL, NULL, '2024-05-13 19:44:17', '2024-05-13 19:44:17', 'D11501'),
(1822, 26, 39, 'OK', 'checked', 4, NULL, NULL, NULL, '2024-05-13 19:44:17', '2024-05-17 00:28:46', 'D11501'),
(1823, 26, 40, 'OK', 'checked', 4, NULL, NULL, NULL, '2024-05-13 19:44:17', '2024-05-17 00:28:49', 'D11501'),
(1824, 26, 41, NULL, NULL, 4, NULL, NULL, NULL, '2024-05-13 19:44:17', '2024-05-13 19:44:17', 'D11501'),
(1825, 26, 42, 'NG', 'checked', 4, NULL, NULL, NULL, '2024-05-13 19:44:17', '2024-05-17 00:29:21', 'D11501'),
(1826, 26, 43, 'OK', 'checked', 4, NULL, NULL, NULL, '2024-05-13 19:44:17', '2024-05-17 00:29:21', 'D11501'),
(1827, 26, 44, NULL, NULL, 4, NULL, NULL, NULL, '2024-05-13 19:44:17', '2024-05-13 19:44:17', 'D11501'),
(1828, 26, 1, NULL, NULL, 5, NULL, NULL, NULL, '2024-05-13 19:44:17', '2024-05-13 19:44:17', 'D11501'),
(1829, 26, 2, NULL, NULL, 5, NULL, NULL, NULL, '2024-05-13 19:44:17', '2024-05-13 19:44:17', 'D11501'),
(1830, 26, 32, NULL, NULL, 5, NULL, NULL, NULL, '2024-05-13 19:44:17', '2024-05-13 19:44:17', 'D11501'),
(1831, 26, 33, NULL, NULL, 5, NULL, NULL, NULL, '2024-05-13 19:44:17', '2024-05-13 19:44:17', 'D11501'),
(1832, 26, 34, NULL, NULL, 5, NULL, NULL, NULL, '2024-05-13 19:44:17', '2024-05-13 19:44:17', 'D11501'),
(1833, 26, 35, NULL, NULL, 5, NULL, NULL, NULL, '2024-05-13 19:44:17', '2024-05-13 19:44:17', 'D11501'),
(1834, 26, 36, NULL, NULL, 5, NULL, NULL, NULL, '2024-05-13 19:44:17', '2024-05-13 19:44:17', 'D11501'),
(1835, 26, 38, NULL, NULL, 5, NULL, NULL, NULL, '2024-05-13 19:44:17', '2024-05-13 19:44:17', 'D11501'),
(1836, 26, 39, NULL, NULL, 5, NULL, NULL, NULL, '2024-05-13 19:44:17', '2024-05-13 19:44:17', 'D11501'),
(1837, 26, 40, NULL, NULL, 5, NULL, NULL, NULL, '2024-05-13 19:44:17', '2024-05-13 19:44:17', 'D11501'),
(1838, 26, 41, NULL, NULL, 5, NULL, NULL, NULL, '2024-05-13 19:44:17', '2024-05-13 19:44:17', 'D11501'),
(1839, 26, 42, NULL, NULL, 5, NULL, NULL, NULL, '2024-05-13 19:44:17', '2024-05-13 19:44:17', 'D11501'),
(1840, 26, 43, NULL, NULL, 5, NULL, NULL, NULL, '2024-05-13 19:44:17', '2024-05-13 19:44:17', 'D11501'),
(1841, 26, 44, NULL, NULL, 5, NULL, NULL, NULL, '2024-05-13 19:44:18', '2024-05-13 19:44:18', 'D11501'),
(1842, 26, 1, NULL, NULL, 6, NULL, NULL, NULL, '2024-05-13 19:44:18', '2024-05-13 19:44:18', 'D11501'),
(1843, 26, 2, NULL, NULL, 6, NULL, NULL, NULL, '2024-05-13 19:44:18', '2024-05-13 19:44:18', 'D11501'),
(1844, 26, 32, NULL, NULL, 6, NULL, NULL, NULL, '2024-05-13 19:44:18', '2024-05-13 19:44:18', 'D11501'),
(1845, 26, 33, NULL, NULL, 6, NULL, NULL, NULL, '2024-05-13 19:44:18', '2024-05-13 19:44:18', 'D11501'),
(1846, 26, 34, NULL, NULL, 6, NULL, NULL, NULL, '2024-05-13 19:44:18', '2024-05-13 19:44:18', 'D11501'),
(1847, 26, 35, NULL, NULL, 6, NULL, NULL, NULL, '2024-05-13 19:44:18', '2024-05-13 19:44:18', 'D11501'),
(1848, 26, 36, NULL, NULL, 6, NULL, NULL, NULL, '2024-05-13 19:44:18', '2024-05-13 19:44:18', 'D11501'),
(1849, 26, 38, NULL, NULL, 6, NULL, NULL, NULL, '2024-05-13 19:44:18', '2024-05-13 19:44:18', 'D11501'),
(1850, 26, 39, NULL, NULL, 6, NULL, NULL, NULL, '2024-05-13 19:44:18', '2024-05-13 19:44:18', 'D11501'),
(1851, 26, 40, NULL, NULL, 6, NULL, NULL, NULL, '2024-05-13 19:44:18', '2024-05-13 19:44:18', 'D11501'),
(1852, 26, 41, NULL, NULL, 6, NULL, NULL, NULL, '2024-05-13 19:44:18', '2024-05-13 19:44:18', 'D11501'),
(1853, 26, 42, NULL, NULL, 6, NULL, NULL, NULL, '2024-05-13 19:44:18', '2024-05-13 19:44:18', 'D11501'),
(1854, 26, 43, NULL, NULL, 6, NULL, NULL, NULL, '2024-05-13 19:44:18', '2024-05-13 19:44:18', 'D11501'),
(1855, 26, 44, NULL, NULL, 6, NULL, NULL, NULL, '2024-05-13 19:44:18', '2024-05-13 19:44:18', 'D11501'),
(1856, 26, 1, NULL, NULL, 7, NULL, NULL, NULL, '2024-05-13 19:44:18', '2024-05-13 19:44:18', 'D11501'),
(1857, 26, 2, NULL, NULL, 7, NULL, NULL, NULL, '2024-05-13 19:44:18', '2024-05-13 19:44:18', 'D11501'),
(1858, 26, 32, NULL, NULL, 7, NULL, NULL, NULL, '2024-05-13 19:44:18', '2024-05-13 19:44:18', 'D11501'),
(1859, 26, 33, NULL, NULL, 7, NULL, NULL, NULL, '2024-05-13 19:44:18', '2024-05-13 19:44:18', 'D11501'),
(1860, 26, 34, NULL, NULL, 7, NULL, NULL, NULL, '2024-05-13 19:44:18', '2024-05-13 19:44:18', 'D11501'),
(1861, 26, 35, NULL, NULL, 7, NULL, NULL, NULL, '2024-05-13 19:44:18', '2024-05-13 19:44:18', 'D11501'),
(1862, 26, 36, NULL, NULL, 7, NULL, NULL, NULL, '2024-05-13 19:44:18', '2024-05-13 19:44:18', 'D11501'),
(1863, 26, 38, NULL, NULL, 7, NULL, NULL, NULL, '2024-05-13 19:44:18', '2024-05-13 19:44:18', 'D11501'),
(1864, 26, 39, NULL, NULL, 7, NULL, NULL, NULL, '2024-05-13 19:44:18', '2024-05-13 19:44:18', 'D11501'),
(1865, 26, 40, NULL, NULL, 7, NULL, NULL, NULL, '2024-05-13 19:44:18', '2024-05-13 19:44:18', 'D11501'),
(1866, 26, 41, NULL, NULL, 7, NULL, NULL, NULL, '2024-05-13 19:44:18', '2024-05-13 19:44:18', 'D11501'),
(1867, 26, 42, NULL, NULL, 7, NULL, NULL, NULL, '2024-05-13 19:44:18', '2024-05-13 19:44:18', 'D11501'),
(1868, 26, 43, NULL, NULL, 7, NULL, NULL, NULL, '2024-05-13 19:44:18', '2024-05-13 19:44:18', 'D11501'),
(1869, 26, 44, NULL, NULL, 7, NULL, NULL, NULL, '2024-05-13 19:44:18', '2024-05-13 19:44:18', 'D11501'),
(1870, 26, 1, NULL, NULL, 8, NULL, NULL, NULL, '2024-05-13 19:44:18', '2024-05-13 19:44:18', 'D11501'),
(1871, 26, 2, NULL, NULL, 8, NULL, NULL, NULL, '2024-05-13 19:44:18', '2024-05-13 19:44:18', 'D11501'),
(1872, 26, 32, NULL, NULL, 8, NULL, NULL, NULL, '2024-05-13 19:44:18', '2024-05-13 19:44:18', 'D11501'),
(1873, 26, 33, NULL, NULL, 8, NULL, NULL, NULL, '2024-05-13 19:44:18', '2024-05-13 19:44:18', 'D11501'),
(1874, 26, 34, NULL, NULL, 8, NULL, NULL, NULL, '2024-05-13 19:44:19', '2024-05-13 19:44:19', 'D11501'),
(1875, 26, 35, NULL, NULL, 8, NULL, NULL, NULL, '2024-05-13 19:44:19', '2024-05-13 19:44:19', 'D11501'),
(1876, 26, 36, NULL, NULL, 8, NULL, NULL, NULL, '2024-05-13 19:44:19', '2024-05-13 19:44:19', 'D11501'),
(1877, 26, 38, NULL, NULL, 8, NULL, NULL, NULL, '2024-05-13 19:44:19', '2024-05-13 19:44:19', 'D11501'),
(1878, 26, 39, NULL, NULL, 8, NULL, NULL, NULL, '2024-05-13 19:44:19', '2024-05-13 19:44:19', 'D11501'),
(1879, 26, 40, NULL, NULL, 8, NULL, NULL, NULL, '2024-05-13 19:44:19', '2024-05-13 19:44:19', 'D11501'),
(1880, 26, 41, NULL, NULL, 8, NULL, NULL, NULL, '2024-05-13 19:44:19', '2024-05-13 19:44:19', 'D11501'),
(1881, 26, 42, NULL, NULL, 8, NULL, NULL, NULL, '2024-05-13 19:44:19', '2024-05-13 19:44:19', 'D11501'),
(1882, 26, 43, NULL, NULL, 8, NULL, NULL, NULL, '2024-05-13 19:44:19', '2024-05-13 19:44:19', 'D11501'),
(1883, 26, 44, NULL, NULL, 8, NULL, NULL, NULL, '2024-05-13 19:44:19', '2024-05-13 19:44:19', 'D11501'),
(1884, 26, 1, NULL, NULL, 9, NULL, NULL, NULL, '2024-05-13 19:44:19', '2024-05-13 19:44:19', 'D11501'),
(1885, 26, 2, NULL, NULL, 9, NULL, NULL, NULL, '2024-05-13 19:44:19', '2024-05-13 19:44:19', 'D11501'),
(1886, 26, 32, NULL, NULL, 9, NULL, NULL, NULL, '2024-05-13 19:44:19', '2024-05-13 19:44:19', 'D11501'),
(1887, 26, 33, NULL, NULL, 9, NULL, NULL, NULL, '2024-05-13 19:44:19', '2024-05-13 19:44:19', 'D11501'),
(1888, 26, 34, NULL, NULL, 9, NULL, NULL, NULL, '2024-05-13 19:44:19', '2024-05-13 19:44:19', 'D11501'),
(1889, 26, 35, NULL, NULL, 9, NULL, NULL, NULL, '2024-05-13 19:44:19', '2024-05-13 19:44:19', 'D11501'),
(1890, 26, 36, NULL, NULL, 9, NULL, NULL, NULL, '2024-05-13 19:44:19', '2024-05-13 19:44:19', 'D11501'),
(1891, 26, 38, NULL, NULL, 9, NULL, NULL, NULL, '2024-05-13 19:44:19', '2024-05-13 19:44:19', 'D11501'),
(1892, 26, 39, NULL, NULL, 9, NULL, NULL, NULL, '2024-05-13 19:44:19', '2024-05-13 19:44:19', 'D11501'),
(1893, 26, 40, NULL, NULL, 9, NULL, NULL, NULL, '2024-05-13 19:44:19', '2024-05-13 19:44:19', 'D11501'),
(1894, 26, 41, NULL, NULL, 9, NULL, NULL, NULL, '2024-05-13 19:44:19', '2024-05-13 19:44:19', 'D11501'),
(1895, 26, 42, NULL, NULL, 9, NULL, NULL, NULL, '2024-05-13 19:44:19', '2024-05-13 19:44:19', 'D11501'),
(1896, 26, 43, NULL, NULL, 9, NULL, NULL, NULL, '2024-05-13 19:44:19', '2024-05-13 19:44:19', 'D11501'),
(1897, 26, 44, NULL, NULL, 9, NULL, NULL, NULL, '2024-05-13 19:44:19', '2024-05-13 19:44:19', 'D11501'),
(1898, 26, 1, NULL, NULL, 10, NULL, NULL, NULL, '2024-05-13 19:44:19', '2024-05-13 19:44:19', 'D11501'),
(1899, 26, 2, NULL, NULL, 10, NULL, NULL, NULL, '2024-05-13 19:44:19', '2024-05-13 19:44:19', 'D11501'),
(1900, 26, 32, NULL, NULL, 10, NULL, NULL, NULL, '2024-05-13 19:44:19', '2024-05-13 19:44:19', 'D11501'),
(1901, 26, 33, NULL, NULL, 10, NULL, NULL, NULL, '2024-05-13 19:44:19', '2024-05-13 19:44:19', 'D11501'),
(1902, 26, 34, NULL, NULL, 10, NULL, NULL, NULL, '2024-05-13 19:44:20', '2024-05-13 19:44:20', 'D11501'),
(1903, 26, 35, NULL, NULL, 10, NULL, NULL, NULL, '2024-05-13 19:44:20', '2024-05-13 19:44:20', 'D11501'),
(1904, 26, 36, NULL, NULL, 10, NULL, NULL, NULL, '2024-05-13 19:44:20', '2024-05-13 19:44:20', 'D11501'),
(1905, 26, 38, NULL, NULL, 10, NULL, NULL, NULL, '2024-05-13 19:44:20', '2024-05-13 19:44:20', 'D11501'),
(1906, 26, 39, NULL, NULL, 10, NULL, NULL, NULL, '2024-05-13 19:44:20', '2024-05-13 19:44:20', 'D11501'),
(1907, 26, 40, NULL, NULL, 10, NULL, NULL, NULL, '2024-05-13 19:44:20', '2024-05-13 19:44:20', 'D11501'),
(1908, 26, 41, NULL, NULL, 10, NULL, NULL, NULL, '2024-05-13 19:44:20', '2024-05-13 19:44:20', 'D11501'),
(1909, 26, 42, NULL, NULL, 10, NULL, NULL, NULL, '2024-05-13 19:44:20', '2024-05-13 19:44:20', 'D11501'),
(1910, 26, 43, NULL, NULL, 10, NULL, NULL, NULL, '2024-05-13 19:44:20', '2024-05-13 19:44:20', 'D11501'),
(1911, 26, 44, NULL, NULL, 10, NULL, NULL, NULL, '2024-05-13 19:44:20', '2024-05-13 19:44:20', 'D11501'),
(1912, 26, 1, NULL, NULL, 11, NULL, NULL, NULL, '2024-05-13 19:44:20', '2024-05-13 19:44:20', 'D11501'),
(1913, 26, 2, NULL, NULL, 11, NULL, NULL, NULL, '2024-05-13 19:44:20', '2024-05-13 19:44:20', 'D11501'),
(1914, 26, 32, NULL, NULL, 11, NULL, NULL, NULL, '2024-05-13 19:44:20', '2024-05-13 19:44:20', 'D11501'),
(1915, 26, 33, NULL, NULL, 11, NULL, NULL, NULL, '2024-05-13 19:44:20', '2024-05-13 19:44:20', 'D11501'),
(1916, 26, 34, NULL, NULL, 11, NULL, NULL, NULL, '2024-05-13 19:44:20', '2024-05-13 19:44:20', 'D11501'),
(1917, 26, 35, NULL, NULL, 11, NULL, NULL, NULL, '2024-05-13 19:44:20', '2024-05-13 19:44:20', 'D11501'),
(1918, 26, 36, NULL, NULL, 11, NULL, NULL, NULL, '2024-05-13 19:44:20', '2024-05-13 19:44:20', 'D11501'),
(1919, 26, 38, NULL, NULL, 11, NULL, NULL, NULL, '2024-05-13 19:44:20', '2024-05-13 19:44:20', 'D11501'),
(1920, 26, 39, NULL, NULL, 11, NULL, NULL, NULL, '2024-05-13 19:44:20', '2024-05-13 19:44:20', 'D11501'),
(1921, 26, 40, NULL, NULL, 11, NULL, NULL, NULL, '2024-05-13 19:44:20', '2024-05-13 19:44:20', 'D11501'),
(1922, 26, 41, NULL, NULL, 11, NULL, NULL, NULL, '2024-05-13 19:44:20', '2024-05-13 19:44:20', 'D11501'),
(1923, 26, 42, NULL, NULL, 11, NULL, NULL, NULL, '2024-05-13 19:44:20', '2024-05-13 19:44:20', 'D11501'),
(1924, 26, 43, NULL, NULL, 11, NULL, NULL, NULL, '2024-05-13 19:44:20', '2024-05-13 19:44:20', 'D11501'),
(1925, 26, 44, NULL, NULL, 11, NULL, NULL, NULL, '2024-05-13 19:44:20', '2024-05-13 19:44:20', 'D11501'),
(1926, 26, 1, NULL, NULL, 12, NULL, NULL, NULL, '2024-05-13 19:44:20', '2024-05-13 19:44:20', 'D11501'),
(1927, 26, 2, NULL, NULL, 12, NULL, NULL, NULL, '2024-05-13 19:44:20', '2024-05-13 19:44:20', 'D11501'),
(1928, 26, 32, NULL, NULL, 12, NULL, NULL, NULL, '2024-05-13 19:44:21', '2024-05-13 19:44:21', 'D11501'),
(1929, 26, 33, NULL, NULL, 12, NULL, NULL, NULL, '2024-05-13 19:44:21', '2024-05-13 19:44:21', 'D11501'),
(1930, 26, 34, NULL, NULL, 12, NULL, NULL, NULL, '2024-05-13 19:44:21', '2024-05-13 19:44:21', 'D11501'),
(1931, 26, 35, NULL, NULL, 12, NULL, NULL, NULL, '2024-05-13 19:44:21', '2024-05-13 19:44:21', 'D11501'),
(1932, 26, 36, NULL, NULL, 12, NULL, NULL, NULL, '2024-05-13 19:44:21', '2024-05-13 19:44:21', 'D11501'),
(1933, 26, 38, NULL, NULL, 12, NULL, NULL, NULL, '2024-05-13 19:44:21', '2024-05-13 19:44:21', 'D11501'),
(1934, 26, 39, NULL, NULL, 12, NULL, NULL, NULL, '2024-05-13 19:44:21', '2024-05-13 19:44:21', 'D11501'),
(1935, 26, 40, NULL, NULL, 12, NULL, NULL, NULL, '2024-05-13 19:44:21', '2024-05-13 19:44:21', 'D11501'),
(1936, 26, 41, NULL, NULL, 12, NULL, NULL, NULL, '2024-05-13 19:44:21', '2024-05-13 19:44:21', 'D11501'),
(1937, 26, 42, NULL, NULL, 12, NULL, NULL, NULL, '2024-05-13 19:44:21', '2024-05-13 19:44:21', 'D11501'),
(1938, 26, 43, NULL, NULL, 12, NULL, NULL, NULL, '2024-05-13 19:44:21', '2024-05-13 19:44:21', 'D11501'),
(1939, 26, 44, NULL, NULL, 12, NULL, NULL, NULL, '2024-05-13 19:44:21', '2024-05-13 19:44:21', 'D11501'),
(1940, 26, 1, NULL, NULL, 13, NULL, NULL, NULL, '2024-05-13 19:44:21', '2024-05-13 19:44:21', 'D11501'),
(1941, 26, 2, NULL, NULL, 13, NULL, NULL, NULL, '2024-05-13 19:44:21', '2024-05-13 19:44:21', 'D11501'),
(1942, 26, 32, NULL, NULL, 13, NULL, NULL, NULL, '2024-05-13 19:44:21', '2024-05-13 19:44:21', 'D11501'),
(1943, 26, 33, NULL, NULL, 13, NULL, NULL, NULL, '2024-05-13 19:44:21', '2024-05-13 19:44:21', 'D11501'),
(1944, 26, 34, NULL, NULL, 13, NULL, NULL, NULL, '2024-05-13 19:44:21', '2024-05-13 19:44:21', 'D11501'),
(1945, 26, 35, NULL, NULL, 13, NULL, NULL, NULL, '2024-05-13 19:44:21', '2024-05-13 19:44:21', 'D11501'),
(1946, 26, 36, NULL, NULL, 13, NULL, NULL, NULL, '2024-05-13 19:44:21', '2024-05-13 19:44:21', 'D11501'),
(1947, 26, 38, NULL, NULL, 13, NULL, NULL, NULL, '2024-05-13 19:44:21', '2024-05-13 19:44:21', 'D11501'),
(1948, 26, 39, NULL, NULL, 13, NULL, NULL, NULL, '2024-05-13 19:44:21', '2024-05-13 19:44:21', 'D11501'),
(1949, 26, 40, NULL, NULL, 13, NULL, NULL, NULL, '2024-05-13 19:44:21', '2024-05-13 19:44:21', 'D11501'),
(1950, 26, 41, NULL, NULL, 13, NULL, NULL, NULL, '2024-05-13 19:44:21', '2024-05-13 19:44:21', 'D11501'),
(1951, 26, 42, NULL, NULL, 13, NULL, NULL, NULL, '2024-05-13 19:44:21', '2024-05-13 19:44:21', 'D11501'),
(1952, 26, 43, NULL, NULL, 13, NULL, NULL, NULL, '2024-05-13 19:44:21', '2024-05-13 19:44:21', 'D11501'),
(1953, 26, 44, NULL, NULL, 13, NULL, NULL, NULL, '2024-05-13 19:44:21', '2024-05-13 19:44:21', 'D11501'),
(1954, 27, 1, NULL, NULL, 1, NULL, NULL, NULL, '2024-05-17 23:21:42', '2024-05-17 23:21:42', 'D11501'),
(1955, 27, 2, NULL, NULL, 1, NULL, NULL, NULL, '2024-05-17 23:21:42', '2024-05-17 23:21:42', 'D11501'),
(1956, 27, 32, NULL, NULL, 1, NULL, NULL, NULL, '2024-05-17 23:21:42', '2024-05-17 23:21:42', 'D11501'),
(1957, 27, 33, NULL, NULL, 1, NULL, NULL, NULL, '2024-05-17 23:21:42', '2024-05-17 23:21:42', 'D11501'),
(1958, 27, 34, NULL, NULL, 1, NULL, NULL, NULL, '2024-05-17 23:21:42', '2024-05-17 23:21:42', 'D11501'),
(1959, 27, 35, NULL, NULL, 1, NULL, NULL, NULL, '2024-05-17 23:21:42', '2024-05-17 23:21:42', 'D11501'),
(1960, 27, 36, NULL, NULL, 1, NULL, NULL, NULL, '2024-05-17 23:21:42', '2024-05-17 23:21:42', 'D11501'),
(1961, 27, 38, NULL, NULL, 1, NULL, NULL, NULL, '2024-05-17 23:21:42', '2024-05-17 23:21:42', 'D11501'),
(1962, 27, 39, NULL, NULL, 1, NULL, NULL, NULL, '2024-05-17 23:21:42', '2024-05-17 23:21:42', 'D11501'),
(1963, 27, 40, NULL, NULL, 1, NULL, NULL, NULL, '2024-05-17 23:21:42', '2024-05-17 23:21:42', 'D11501'),
(1964, 27, 41, NULL, NULL, 1, NULL, NULL, NULL, '2024-05-17 23:21:42', '2024-05-17 23:21:42', 'D11501'),
(1965, 27, 42, NULL, NULL, 1, NULL, NULL, NULL, '2024-05-17 23:21:42', '2024-05-17 23:21:42', 'D11501'),
(1966, 27, 43, NULL, NULL, 1, NULL, NULL, NULL, '2024-05-17 23:21:43', '2024-05-17 23:21:43', 'D11501'),
(1967, 27, 44, NULL, NULL, 1, NULL, NULL, NULL, '2024-05-17 23:21:43', '2024-05-17 23:21:43', 'D11501'),
(1968, 27, 1, NULL, NULL, 2, NULL, NULL, NULL, '2024-05-17 23:21:43', '2024-05-17 23:21:43', 'D11501'),
(1969, 27, 2, NULL, NULL, 2, NULL, NULL, NULL, '2024-05-17 23:21:43', '2024-05-17 23:21:43', 'D11501'),
(1970, 27, 32, NULL, NULL, 2, NULL, NULL, NULL, '2024-05-17 23:21:43', '2024-05-17 23:21:43', 'D11501'),
(1971, 27, 33, NULL, NULL, 2, NULL, NULL, NULL, '2024-05-17 23:21:43', '2024-05-17 23:21:43', 'D11501'),
(1972, 27, 34, NULL, NULL, 2, NULL, NULL, NULL, '2024-05-17 23:21:43', '2024-05-17 23:21:43', 'D11501'),
(1973, 27, 35, NULL, NULL, 2, NULL, NULL, NULL, '2024-05-17 23:21:43', '2024-05-17 23:21:43', 'D11501'),
(1974, 27, 36, NULL, NULL, 2, NULL, NULL, NULL, '2024-05-17 23:21:43', '2024-05-17 23:21:43', 'D11501'),
(1975, 27, 38, NULL, NULL, 2, NULL, NULL, NULL, '2024-05-17 23:21:43', '2024-05-17 23:21:43', 'D11501'),
(1976, 27, 39, NULL, NULL, 2, NULL, NULL, NULL, '2024-05-17 23:21:43', '2024-05-17 23:21:43', 'D11501'),
(1977, 27, 40, NULL, NULL, 2, NULL, NULL, NULL, '2024-05-17 23:21:43', '2024-05-17 23:21:43', 'D11501'),
(1978, 27, 41, NULL, NULL, 2, NULL, NULL, NULL, '2024-05-17 23:21:43', '2024-05-17 23:21:43', 'D11501'),
(1979, 27, 42, NULL, NULL, 2, NULL, NULL, NULL, '2024-05-17 23:21:43', '2024-05-17 23:21:43', 'D11501'),
(1980, 27, 43, NULL, NULL, 2, NULL, NULL, NULL, '2024-05-17 23:21:43', '2024-05-17 23:21:43', 'D11501'),
(1981, 27, 44, NULL, NULL, 2, NULL, NULL, NULL, '2024-05-17 23:21:43', '2024-05-17 23:21:43', 'D11501'),
(1982, 27, 1, NULL, NULL, 3, NULL, NULL, NULL, '2024-05-17 23:21:43', '2024-05-17 23:21:43', 'D11501'),
(1983, 27, 2, NULL, NULL, 3, NULL, NULL, NULL, '2024-05-17 23:21:43', '2024-05-17 23:21:43', 'D11501'),
(1984, 27, 32, NULL, NULL, 3, NULL, NULL, NULL, '2024-05-17 23:21:43', '2024-05-17 23:21:43', 'D11501'),
(1985, 27, 33, NULL, NULL, 3, NULL, NULL, NULL, '2024-05-17 23:21:43', '2024-05-17 23:21:43', 'D11501'),
(1986, 27, 34, NULL, NULL, 3, NULL, NULL, NULL, '2024-05-17 23:21:43', '2024-05-17 23:21:43', 'D11501'),
(1987, 27, 35, NULL, NULL, 3, NULL, NULL, NULL, '2024-05-17 23:21:43', '2024-05-17 23:21:43', 'D11501'),
(1988, 27, 36, NULL, NULL, 3, NULL, NULL, NULL, '2024-05-17 23:21:43', '2024-05-17 23:21:43', 'D11501'),
(1989, 27, 38, NULL, NULL, 3, NULL, NULL, NULL, '2024-05-17 23:21:43', '2024-05-17 23:21:43', 'D11501'),
(1990, 27, 39, NULL, NULL, 3, NULL, NULL, NULL, '2024-05-17 23:21:43', '2024-05-17 23:21:43', 'D11501'),
(1991, 27, 40, NULL, NULL, 3, NULL, NULL, NULL, '2024-05-17 23:21:43', '2024-05-17 23:21:43', 'D11501'),
(1992, 27, 41, NULL, NULL, 3, NULL, NULL, NULL, '2024-05-17 23:21:43', '2024-05-17 23:21:43', 'D11501'),
(1993, 27, 42, NULL, NULL, 3, NULL, NULL, NULL, '2024-05-17 23:21:43', '2024-05-17 23:21:43', 'D11501'),
(1994, 27, 43, NULL, NULL, 3, NULL, NULL, NULL, '2024-05-17 23:21:43', '2024-05-17 23:21:43', 'D11501'),
(1995, 27, 44, NULL, NULL, 3, NULL, NULL, NULL, '2024-05-17 23:21:43', '2024-05-17 23:21:43', 'D11501'),
(1996, 27, 1, NULL, NULL, 4, NULL, NULL, NULL, '2024-05-17 23:21:44', '2024-05-17 23:21:44', 'D11501'),
(1997, 27, 2, NULL, NULL, 4, NULL, NULL, NULL, '2024-05-17 23:21:44', '2024-05-17 23:21:44', 'D11501'),
(1998, 27, 32, NULL, NULL, 4, NULL, NULL, NULL, '2024-05-17 23:21:44', '2024-05-17 23:21:44', 'D11501'),
(1999, 27, 33, NULL, NULL, 4, NULL, NULL, NULL, '2024-05-17 23:21:44', '2024-05-17 23:21:44', 'D11501'),
(2000, 27, 34, NULL, NULL, 4, NULL, NULL, NULL, '2024-05-17 23:21:44', '2024-05-17 23:21:44', 'D11501'),
(2001, 27, 35, NULL, NULL, 4, NULL, NULL, NULL, '2024-05-17 23:21:44', '2024-05-17 23:21:44', 'D11501'),
(2002, 27, 36, NULL, NULL, 4, NULL, NULL, NULL, '2024-05-17 23:21:44', '2024-05-17 23:21:44', 'D11501'),
(2003, 27, 38, NULL, NULL, 4, NULL, NULL, NULL, '2024-05-17 23:21:44', '2024-05-17 23:21:44', 'D11501'),
(2004, 27, 39, NULL, NULL, 4, NULL, NULL, NULL, '2024-05-17 23:21:44', '2024-05-17 23:21:44', 'D11501'),
(2005, 27, 40, NULL, NULL, 4, NULL, NULL, NULL, '2024-05-17 23:21:44', '2024-05-17 23:21:44', 'D11501');
INSERT INTO `catatan_cek` (`id`, `id_part_supply`, `id_standar_part`, `status`, `checksheet`, `urutan_sample`, `final_status`, `value_dimensi`, `tanggal_cek`, `created_at`, `updated_at`, `id_part`) VALUES
(2006, 27, 41, NULL, NULL, 4, NULL, NULL, NULL, '2024-05-17 23:21:44', '2024-05-17 23:21:44', 'D11501'),
(2007, 27, 42, NULL, NULL, 4, NULL, NULL, NULL, '2024-05-17 23:21:44', '2024-05-17 23:21:44', 'D11501'),
(2008, 27, 43, NULL, NULL, 4, NULL, NULL, NULL, '2024-05-17 23:21:44', '2024-05-17 23:21:44', 'D11501'),
(2009, 27, 44, NULL, NULL, 4, NULL, NULL, NULL, '2024-05-17 23:21:44', '2024-05-17 23:21:44', 'D11501'),
(2010, 27, 1, NULL, NULL, 5, NULL, NULL, NULL, '2024-05-17 23:21:44', '2024-05-17 23:21:44', 'D11501'),
(2011, 27, 2, NULL, NULL, 5, NULL, NULL, NULL, '2024-05-17 23:21:44', '2024-05-17 23:21:44', 'D11501'),
(2012, 27, 32, NULL, NULL, 5, NULL, NULL, NULL, '2024-05-17 23:21:44', '2024-05-17 23:21:44', 'D11501'),
(2013, 27, 33, NULL, NULL, 5, NULL, NULL, NULL, '2024-05-17 23:21:44', '2024-05-17 23:21:44', 'D11501'),
(2014, 27, 34, NULL, NULL, 5, NULL, NULL, NULL, '2024-05-17 23:21:44', '2024-05-17 23:21:44', 'D11501'),
(2015, 27, 35, NULL, NULL, 5, NULL, NULL, NULL, '2024-05-17 23:21:44', '2024-05-17 23:21:44', 'D11501'),
(2016, 27, 36, NULL, NULL, 5, NULL, NULL, NULL, '2024-05-17 23:21:44', '2024-05-17 23:21:44', 'D11501'),
(2017, 27, 38, NULL, NULL, 5, NULL, NULL, NULL, '2024-05-17 23:21:44', '2024-05-17 23:21:44', 'D11501'),
(2018, 27, 39, NULL, NULL, 5, NULL, NULL, NULL, '2024-05-17 23:21:44', '2024-05-17 23:21:44', 'D11501'),
(2019, 27, 40, NULL, NULL, 5, NULL, NULL, NULL, '2024-05-17 23:21:44', '2024-05-17 23:21:44', 'D11501'),
(2020, 27, 41, NULL, NULL, 5, NULL, NULL, NULL, '2024-05-17 23:21:44', '2024-05-17 23:21:44', 'D11501'),
(2021, 27, 42, NULL, NULL, 5, NULL, NULL, NULL, '2024-05-17 23:21:44', '2024-05-17 23:21:44', 'D11501'),
(2022, 27, 43, NULL, NULL, 5, NULL, NULL, NULL, '2024-05-17 23:21:44', '2024-05-17 23:21:44', 'D11501'),
(2023, 27, 44, NULL, NULL, 5, NULL, NULL, NULL, '2024-05-17 23:21:44', '2024-05-17 23:21:44', 'D11501'),
(2024, 28, 58, 'OK', 'checked', 1, '1', NULL, NULL, '2024-05-17 23:22:07', '2024-05-17 23:31:43', 'C11900'),
(2025, 28, 59, 'NG', 'checked', 1, NULL, NULL, NULL, '2024-05-17 23:22:07', '2024-05-17 23:29:56', 'C11900'),
(2026, 28, 60, 'OK', 'checked', 1, NULL, NULL, NULL, '2024-05-17 23:22:07', '2024-05-17 23:29:56', 'C11900'),
(2027, 28, 61, 'OK', 'checked', 1, NULL, NULL, NULL, '2024-05-17 23:22:07', '2024-05-17 23:29:58', 'C11900'),
(2028, 28, 62, 'OK', 'checked', 1, NULL, NULL, NULL, '2024-05-17 23:22:07', '2024-05-17 23:29:58', 'C11900'),
(2029, 28, 63, 'OK', 'checked', 1, NULL, NULL, NULL, '2024-05-17 23:22:07', '2024-05-17 23:29:59', 'C11900'),
(2030, 28, 64, 'NG', 'checked', 1, NULL, NULL, NULL, '2024-05-17 23:22:07', '2024-05-17 23:29:59', 'C11900'),
(2031, 28, 65, 'NG', 'checked', 1, NULL, NULL, NULL, '2024-05-17 23:22:07', '2024-05-17 23:30:00', 'C11900'),
(2032, 28, 66, 'OK', 'checked', 1, NULL, NULL, NULL, '2024-05-17 23:22:07', '2024-05-17 23:30:01', 'C11900'),
(2033, 28, 67, 'OK', 'checked', 1, NULL, NULL, NULL, '2024-05-17 23:22:07', '2024-05-17 23:30:20', 'C11900'),
(2034, 28, 68, 'OK', 'checked', 1, NULL, NULL, NULL, '2024-05-17 23:22:07', '2024-05-17 23:30:22', 'C11900'),
(2035, 28, 69, 'OK', 'checked', 1, NULL, '22', NULL, '2024-05-17 23:22:07', '2024-05-17 23:31:42', 'C11900'),
(2036, 28, 70, 'OK', 'checked', 1, NULL, '6.5', NULL, '2024-05-17 23:22:08', '2024-05-17 23:31:42', 'C11900'),
(2037, 28, 71, 'OK', 'checked', 1, NULL, '1', NULL, '2024-05-17 23:22:08', '2024-05-17 23:31:42', 'C11900'),
(2038, 28, 58, 'OK', 'checked', 2, '0', NULL, NULL, '2024-05-17 23:22:08', '2024-05-17 23:31:43', 'C11900'),
(2039, 28, 59, 'OK', 'checked', 2, NULL, NULL, NULL, '2024-05-17 23:22:08', '2024-05-17 23:30:25', 'C11900'),
(2040, 28, 60, 'OK', 'checked', 2, NULL, NULL, NULL, '2024-05-17 23:22:08', '2024-05-17 23:30:25', 'C11900'),
(2041, 28, 61, 'OK', 'checked', 2, NULL, NULL, NULL, '2024-05-17 23:22:08', '2024-05-17 23:30:25', 'C11900'),
(2042, 28, 62, 'OK', 'checked', 2, NULL, NULL, NULL, '2024-05-17 23:22:08', '2024-05-17 23:30:26', 'C11900'),
(2043, 28, 63, 'OK', 'checked', 2, NULL, NULL, NULL, '2024-05-17 23:22:08', '2024-05-17 23:30:27', 'C11900'),
(2044, 28, 64, 'OK', 'checked', 2, NULL, NULL, NULL, '2024-05-17 23:22:08', '2024-05-17 23:30:27', 'C11900'),
(2045, 28, 65, 'OK', 'checked', 2, NULL, NULL, NULL, '2024-05-17 23:22:08', '2024-05-17 23:30:28', 'C11900'),
(2046, 28, 66, 'OK', 'checked', 2, NULL, NULL, NULL, '2024-05-17 23:22:08', '2024-05-17 23:30:29', 'C11900'),
(2047, 28, 67, 'OK', 'checked', 2, NULL, NULL, NULL, '2024-05-17 23:22:09', '2024-05-17 23:30:38', 'C11900'),
(2048, 28, 68, 'OK', 'checked', 2, NULL, NULL, NULL, '2024-05-17 23:22:09', '2024-05-17 23:30:39', 'C11900'),
(2049, 28, 69, 'OK', 'checked', 2, NULL, '22', NULL, '2024-05-17 23:22:09', '2024-05-17 23:31:42', 'C11900'),
(2050, 28, 70, 'OK', 'checked', 2, NULL, '6.5', NULL, '2024-05-17 23:22:09', '2024-05-17 23:31:42', 'C11900'),
(2051, 28, 71, 'OK', 'checked', 2, NULL, '1', NULL, '2024-05-17 23:22:09', '2024-05-17 23:31:42', 'C11900'),
(2052, 28, 58, 'OK', 'checked', 3, '0', NULL, NULL, '2024-05-17 23:22:09', '2024-05-17 23:31:43', 'C11900'),
(2053, 28, 59, 'OK', 'checked', 3, NULL, NULL, NULL, '2024-05-17 23:22:09', '2024-05-17 23:30:41', 'C11900'),
(2054, 28, 60, 'OK', 'checked', 3, NULL, NULL, NULL, '2024-05-17 23:22:09', '2024-05-17 23:30:42', 'C11900'),
(2055, 28, 61, 'OK', 'checked', 3, NULL, NULL, NULL, '2024-05-17 23:22:09', '2024-05-17 23:30:43', 'C11900'),
(2056, 28, 62, 'OK', 'checked', 3, NULL, NULL, NULL, '2024-05-17 23:22:09', '2024-05-17 23:30:43', 'C11900'),
(2057, 28, 63, 'OK', 'checked', 3, NULL, NULL, NULL, '2024-05-17 23:22:09', '2024-05-17 23:30:44', 'C11900'),
(2058, 28, 64, 'OK', 'checked', 3, NULL, NULL, NULL, '2024-05-17 23:22:09', '2024-05-17 23:30:45', 'C11900'),
(2059, 28, 65, 'OK', 'checked', 3, NULL, NULL, NULL, '2024-05-17 23:22:09', '2024-05-17 23:30:45', 'C11900'),
(2060, 28, 66, 'OK', 'checked', 3, NULL, NULL, NULL, '2024-05-17 23:22:09', '2024-05-17 23:30:46', 'C11900'),
(2061, 28, 67, 'OK', 'checked', 3, NULL, NULL, NULL, '2024-05-17 23:22:09', '2024-05-17 23:30:55', 'C11900'),
(2062, 28, 68, 'OK', 'checked', 3, NULL, NULL, NULL, '2024-05-17 23:22:09', '2024-05-17 23:30:56', 'C11900'),
(2063, 28, 69, 'OK', 'checked', 3, NULL, '22', NULL, '2024-05-17 23:22:09', '2024-05-17 23:31:42', 'C11900'),
(2064, 28, 70, 'OK', 'checked', 3, NULL, '6.5', NULL, '2024-05-17 23:22:09', '2024-05-17 23:31:42', 'C11900'),
(2065, 28, 71, 'OK', 'checked', 3, NULL, '1', NULL, '2024-05-17 23:22:09', '2024-05-17 23:31:42', 'C11900'),
(2066, 28, 58, 'NG', 'checked', 4, '1', NULL, NULL, '2024-05-17 23:22:09', '2024-05-17 23:31:43', 'C11900'),
(2067, 28, 59, 'NG', 'checked', 4, NULL, NULL, NULL, '2024-05-17 23:22:09', '2024-05-17 23:30:59', 'C11900'),
(2068, 28, 60, 'OK', 'checked', 4, NULL, NULL, NULL, '2024-05-17 23:22:09', '2024-05-17 23:31:01', 'C11900'),
(2069, 28, 61, 'OK', 'checked', 4, NULL, NULL, NULL, '2024-05-17 23:22:09', '2024-05-17 23:31:01', 'C11900'),
(2070, 28, 62, 'OK', 'checked', 4, NULL, NULL, NULL, '2024-05-17 23:22:09', '2024-05-17 23:31:02', 'C11900'),
(2071, 28, 63, 'OK', 'checked', 4, NULL, NULL, NULL, '2024-05-17 23:22:10', '2024-05-17 23:31:02', 'C11900'),
(2072, 28, 64, 'OK', 'checked', 4, NULL, NULL, NULL, '2024-05-17 23:22:10', '2024-05-17 23:31:03', 'C11900'),
(2073, 28, 65, 'OK', 'checked', 4, NULL, NULL, NULL, '2024-05-17 23:22:10', '2024-05-17 23:31:04', 'C11900'),
(2074, 28, 66, 'OK', 'checked', 4, NULL, NULL, NULL, '2024-05-17 23:22:10', '2024-05-17 23:31:04', 'C11900'),
(2075, 28, 67, 'OK', 'checked', 4, NULL, NULL, NULL, '2024-05-17 23:22:10', '2024-05-17 23:31:21', 'C11900'),
(2076, 28, 68, 'OK', 'checked', 4, NULL, NULL, NULL, '2024-05-17 23:22:10', '2024-05-17 23:31:21', 'C11900'),
(2077, 28, 69, 'OK', 'checked', 4, NULL, '22', NULL, '2024-05-17 23:22:10', '2024-05-17 23:31:42', 'C11900'),
(2078, 28, 70, 'NG', 'checked', 4, NULL, '6.5', NULL, '2024-05-17 23:22:10', '2024-05-17 23:31:42', 'C11900'),
(2079, 28, 71, 'OK', 'checked', 4, NULL, '1', NULL, '2024-05-17 23:22:10', '2024-05-17 23:31:42', 'C11900'),
(2080, 28, 58, 'OK', 'checked', 5, '0', NULL, NULL, '2024-05-17 23:22:10', '2024-05-17 23:31:43', 'C11900'),
(2081, 28, 59, 'OK', 'checked', 5, NULL, NULL, NULL, '2024-05-17 23:22:10', '2024-05-17 23:31:24', 'C11900'),
(2082, 28, 60, 'OK', 'checked', 5, NULL, NULL, NULL, '2024-05-17 23:22:10', '2024-05-17 23:31:24', 'C11900'),
(2083, 28, 61, 'OK', 'checked', 5, NULL, NULL, NULL, '2024-05-17 23:22:10', '2024-05-17 23:31:26', 'C11900'),
(2084, 28, 62, 'OK', 'checked', 5, NULL, NULL, NULL, '2024-05-17 23:22:10', '2024-05-17 23:31:26', 'C11900'),
(2085, 28, 63, 'OK', 'checked', 5, NULL, NULL, NULL, '2024-05-17 23:22:10', '2024-05-17 23:31:27', 'C11900'),
(2086, 28, 64, 'OK', 'checked', 5, NULL, NULL, NULL, '2024-05-17 23:22:10', '2024-05-17 23:31:28', 'C11900'),
(2087, 28, 65, 'OK', 'checked', 5, NULL, NULL, NULL, '2024-05-17 23:22:10', '2024-05-17 23:31:29', 'C11900'),
(2088, 28, 66, 'OK', 'checked', 5, NULL, NULL, NULL, '2024-05-17 23:22:10', '2024-05-17 23:31:29', 'C11900'),
(2089, 28, 67, 'OK', 'checked', 5, NULL, NULL, NULL, '2024-05-17 23:22:10', '2024-05-17 23:31:38', 'C11900'),
(2090, 28, 68, 'OK', 'checked', 5, NULL, NULL, NULL, '2024-05-17 23:22:10', '2024-05-17 23:31:39', 'C11900'),
(2091, 28, 69, 'OK', 'checked', 5, NULL, '22', NULL, '2024-05-17 23:22:10', '2024-05-17 23:31:42', 'C11900'),
(2092, 28, 70, 'OK', 'checked', 5, NULL, '6.5', NULL, '2024-05-17 23:22:10', '2024-05-17 23:31:42', 'C11900'),
(2093, 28, 71, 'OK', 'checked', 5, NULL, '1', NULL, '2024-05-17 23:22:10', '2024-05-17 23:31:42', 'C11900'),
(2094, 29, 1, 'OK', 'checked', 1, '0', NULL, NULL, '2024-05-19 00:52:22', '2024-05-19 00:54:25', 'D11501'),
(2095, 29, 2, 'OK', 'checked', 1, NULL, NULL, NULL, '2024-05-19 00:52:23', '2024-05-19 00:53:22', 'D11501'),
(2096, 29, 32, 'OK', 'checked', 1, NULL, NULL, NULL, '2024-05-19 00:52:23', '2024-05-19 00:53:22', 'D11501'),
(2097, 29, 33, 'OK', 'checked', 1, NULL, NULL, NULL, '2024-05-19 00:52:23', '2024-05-19 00:53:23', 'D11501'),
(2098, 29, 34, 'OK', 'checked', 1, NULL, NULL, NULL, '2024-05-19 00:52:23', '2024-05-19 00:53:23', 'D11501'),
(2099, 29, 35, 'OK', 'checked', 1, NULL, NULL, NULL, '2024-05-19 00:52:23', '2024-05-19 00:53:24', 'D11501'),
(2100, 29, 36, 'OK', 'checked', 1, NULL, NULL, NULL, '2024-05-19 00:52:23', '2024-05-19 00:53:24', 'D11501'),
(2101, 29, 38, 'OK', 'checked', 1, NULL, NULL, NULL, '2024-05-19 00:52:23', '2024-05-19 00:53:26', 'D11501'),
(2102, 29, 39, 'OK', 'checked', 1, NULL, NULL, NULL, '2024-05-19 00:52:23', '2024-05-19 00:53:26', 'D11501'),
(2103, 29, 40, 'OK', 'checked', 1, NULL, '50', NULL, '2024-05-19 00:52:23', '2024-05-19 00:56:33', 'D11501'),
(2104, 29, 41, 'OK', 'checked', 1, NULL, '7.2', NULL, '2024-05-19 00:52:23', '2024-05-19 00:56:34', 'D11501'),
(2105, 29, 42, 'OK', 'checked', 1, NULL, '10', NULL, '2024-05-19 00:52:23', '2024-05-19 00:56:41', 'D11501'),
(2106, 29, 43, 'OK', 'checked', 1, NULL, '42', NULL, '2024-05-19 00:52:24', '2024-05-19 00:56:42', 'D11501'),
(2107, 29, 44, 'OK', 'checked', 1, NULL, '3', NULL, '2024-05-19 00:52:24', '2024-05-19 00:56:43', 'D11501'),
(2108, 29, 1, 'OK', 'checked', 2, '0', NULL, NULL, '2024-05-19 00:52:24', '2024-05-19 00:54:25', 'D11501'),
(2109, 29, 2, 'OK', 'checked', 2, NULL, NULL, NULL, '2024-05-19 00:52:24', '2024-05-19 00:53:35', 'D11501'),
(2110, 29, 32, 'OK', 'checked', 2, NULL, NULL, NULL, '2024-05-19 00:52:24', '2024-05-19 00:53:36', 'D11501'),
(2111, 29, 33, 'OK', 'checked', 2, NULL, NULL, NULL, '2024-05-19 00:52:24', '2024-05-19 00:53:37', 'D11501'),
(2112, 29, 34, 'OK', 'checked', 2, NULL, NULL, NULL, '2024-05-19 00:52:24', '2024-05-19 00:53:38', 'D11501'),
(2113, 29, 35, 'OK', 'checked', 2, NULL, NULL, NULL, '2024-05-19 00:52:24', '2024-05-19 00:53:39', 'D11501'),
(2114, 29, 36, 'OK', 'checked', 2, NULL, NULL, NULL, '2024-05-19 00:52:24', '2024-05-19 00:53:40', 'D11501'),
(2115, 29, 38, 'OK', 'checked', 2, NULL, NULL, NULL, '2024-05-19 00:52:24', '2024-05-19 00:53:41', 'D11501'),
(2116, 29, 39, 'OK', 'checked', 2, NULL, NULL, NULL, '2024-05-19 00:52:24', '2024-05-19 00:53:41', 'D11501'),
(2117, 29, 40, 'OK', 'checked', 2, NULL, '50', NULL, '2024-05-19 00:52:24', '2024-05-19 00:56:46', 'D11501'),
(2118, 29, 41, 'OK', 'checked', 2, NULL, '7.2', NULL, '2024-05-19 00:52:24', '2024-05-19 00:56:46', 'D11501'),
(2119, 29, 42, 'OK', 'checked', 2, NULL, '10', NULL, '2024-05-19 00:52:24', '2024-05-19 00:56:47', 'D11501'),
(2120, 29, 43, 'OK', 'checked', 2, NULL, '42', NULL, '2024-05-19 00:52:24', '2024-05-19 00:56:47', 'D11501'),
(2121, 29, 44, 'OK', 'checked', 2, NULL, '3', NULL, '2024-05-19 00:52:24', '2024-05-19 00:56:48', 'D11501'),
(2122, 29, 1, 'OK', 'checked', 3, '0', NULL, NULL, '2024-05-19 00:52:24', '2024-05-19 00:54:25', 'D11501'),
(2123, 29, 2, 'OK', 'checked', 3, NULL, NULL, NULL, '2024-05-19 00:52:25', '2024-05-19 00:54:06', 'D11501'),
(2124, 29, 32, 'OK', 'checked', 3, NULL, NULL, NULL, '2024-05-19 00:52:25', '2024-05-19 00:54:07', 'D11501'),
(2125, 29, 33, 'OK', 'checked', 3, NULL, NULL, NULL, '2024-05-19 00:52:25', '2024-05-19 00:54:08', 'D11501'),
(2126, 29, 34, 'OK', 'checked', 3, NULL, NULL, NULL, '2024-05-19 00:52:25', '2024-05-19 00:54:08', 'D11501'),
(2127, 29, 35, 'OK', 'checked', 3, NULL, NULL, NULL, '2024-05-19 00:52:25', '2024-05-19 00:54:09', 'D11501'),
(2128, 29, 36, 'OK', 'checked', 3, NULL, NULL, NULL, '2024-05-19 00:52:25', '2024-05-19 00:54:09', 'D11501'),
(2129, 29, 38, 'OK', 'checked', 3, NULL, NULL, NULL, '2024-05-19 00:52:25', '2024-05-19 00:54:10', 'D11501'),
(2130, 29, 39, 'OK', 'checked', 3, NULL, NULL, NULL, '2024-05-19 00:52:25', '2024-05-19 00:54:10', 'D11501'),
(2131, 29, 40, 'NG', 'checked', 3, NULL, '51', NULL, '2024-05-19 00:52:25', '2024-05-19 00:56:54', 'D11501'),
(2132, 29, 41, 'OK', 'checked', 3, NULL, '7.2', NULL, '2024-05-19 00:52:25', '2024-05-19 00:56:55', 'D11501'),
(2133, 29, 42, 'OK', 'checked', 3, NULL, '10', NULL, '2024-05-19 00:52:26', '2024-05-19 00:56:56', 'D11501'),
(2134, 29, 43, 'OK', 'checked', 3, NULL, '42', NULL, '2024-05-19 00:52:26', '2024-05-19 00:56:57', 'D11501'),
(2135, 29, 44, 'OK', 'checked', 3, NULL, '4', NULL, '2024-05-19 00:52:26', '2024-05-19 00:56:58', 'D11501');

-- --------------------------------------------------------

--
-- Struktur dari tabel `failed_jobs`
--

CREATE TABLE `failed_jobs` (
  `id` bigint UNSIGNED NOT NULL,
  `uuid` varchar(255) COLLATE utf8mb4_unicode_ci NOT NULL,
  `connection` text COLLATE utf8mb4_unicode_ci NOT NULL,
  `queue` text COLLATE utf8mb4_unicode_ci NOT NULL,
  `payload` longtext COLLATE utf8mb4_unicode_ci NOT NULL,
  `exception` longtext COLLATE utf8mb4_unicode_ci NOT NULL,
  `failed_at` timestamp NOT NULL DEFAULT CURRENT_TIMESTAMP
) ENGINE=InnoDB DEFAULT CHARSET=utf8mb4 COLLATE=utf8mb4_unicode_ci;

-- --------------------------------------------------------

--
-- Struktur dari tabel `kategori_part`
--

CREATE TABLE `kategori_part` (
  `id_kategori` bigint UNSIGNED NOT NULL,
  `nama_kategori` varchar(50) CHARACTER SET utf8mb4 COLLATE utf8mb4_unicode_ci NOT NULL,
  `created_at` timestamp NULL DEFAULT NULL,
  `updated_at` timestamp NULL DEFAULT NULL
) ENGINE=InnoDB DEFAULT CHARSET=utf8mb4 COLLATE=utf8mb4_unicode_ci;

--
-- Dumping data untuk tabel `kategori_part`
--

INSERT INTO `kategori_part` (`id_kategori`, `nama_kategori`, `created_at`, `updated_at`) VALUES
(1, 'Plastic Part', '2024-04-15 09:06:30', '2024-04-15 09:06:30'),
(2, 'General', '2024-04-15 09:06:30', '2024-04-15 09:06:30'),
(3, 'Electrical', '2024-04-15 09:06:30', '2024-04-15 09:06:30'),
(4, 'Chassis', '2024-04-15 09:06:30', '2024-04-15 09:06:30'),
(5, 'Bolt & Nut', '2024-04-15 09:06:30', '2024-04-15 09:06:30');

-- --------------------------------------------------------

--
-- Struktur dari tabel `laporan`
--

CREATE TABLE `laporan` (
  `id` bigint UNSIGNED NOT NULL,
  `supplier_id` bigint UNSIGNED NOT NULL,
  `attention` varchar(100) CHARACTER SET utf8mb4 COLLATE utf8mb4_unicode_ci NOT NULL,
  `cc` varchar(100) CHARACTER SET utf8mb4 COLLATE utf8mb4_unicode_ci NOT NULL,
  `part_code` varchar(255) COLLATE utf8mb4_unicode_ci NOT NULL,
  `model` bigint UNSIGNED NOT NULL,
  `quantity` int NOT NULL,
  `problem_description` varchar(255) COLLATE utf8mb4_unicode_ci NOT NULL,
  `request` varchar(255) COLLATE utf8mb4_unicode_ci NOT NULL,
  `found_area` varchar(60) CHARACTER SET utf8mb4 COLLATE utf8mb4_unicode_ci NOT NULL,
  `found_date` varchar(50) CHARACTER SET utf8mb4 COLLATE utf8mb4_unicode_ci NOT NULL,
  `issue_date` varchar(50) CHARACTER SET utf8mb4 COLLATE utf8mb4_unicode_ci NOT NULL,
  `pic_person` bigint UNSIGNED NOT NULL,
  `status` int NOT NULL DEFAULT '0',
  `gambar_lpp` varchar(255) COLLATE utf8mb4_unicode_ci NOT NULL,
  `created_at` timestamp NULL DEFAULT NULL,
  `updated_at` timestamp NULL DEFAULT NULL
) ENGINE=InnoDB DEFAULT CHARSET=utf8mb4 COLLATE=utf8mb4_unicode_ci;

--
-- Dumping data untuk tabel `laporan`
--

INSERT INTO `laporan` (`id`, `supplier_id`, `attention`, `cc`, `part_code`, `model`, `quantity`, `problem_description`, `request`, `found_area`, `found_date`, `issue_date`, `pic_person`, `status`, `gambar_lpp`, `created_at`, `updated_at`) VALUES
(1, 2, 'Mr. Anyoung (Marketing)', 'Dept Of Engineering', 'D11501', 2, 2, 'rusak', 'perbaiki.', 'On Customer', '', '', 2, 1, '20240415163420.jpg', '2024-04-15 09:34:20', '2024-04-15 09:36:25'),
(2, 2, 'Mr. Anyoung (Marketing)', 'Dept Of Engineering', 'B10600-54', 1, 1, '-lecet\r\n-rusak\r\n-banyak dent', 'perbaiki', 'On Customer', '2024-05-06', '2024-05-07', 2, 1, '20240507044431.jpg', '2024-05-06 21:44:31', '2024-05-06 21:45:41'),
(3, 4, 'Witanto', 'Dept Of Engineering', 'B10600-54', 1, 2, 'terdapat lecet dibagian depan, bolongan untuk lampu tidak ada, lubang baut slek', 'perbaiki semua problem diatas', 'On Factory', '2024-05-07', '2024-05-13', 2, 1, '20240513162545.jpg', '2024-05-13 09:25:45', '2024-05-13 09:26:18'),
(4, 1, 'Yanto', 'Dept Of Engineering', 'D11501', 2, 2, 'terdapat lecet, terdapat dent, lubang baut terlalu besar', 'perbaiki seperti yanng ada di problem description', 'On Factory', '2024-05-08', '2024-05-14', 2, 1, '20240514025502.jpg', '2024-05-13 19:55:02', '2024-05-13 19:55:58');

-- --------------------------------------------------------

--
-- Struktur dari tabel `migrations`
--

CREATE TABLE `migrations` (
  `id` int UNSIGNED NOT NULL,
  `migration` varchar(255) COLLATE utf8mb4_unicode_ci NOT NULL,
  `batch` int NOT NULL
) ENGINE=InnoDB DEFAULT CHARSET=utf8mb4 COLLATE=utf8mb4_unicode_ci;

--
-- Dumping data untuk tabel `migrations`
--

INSERT INTO `migrations` (`id`, `migration`, `batch`) VALUES
(1, '2014_10_12_000000_create_users_table', 1),
(2, '2014_10_12_100000_create_password_resets_table', 1),
(3, '2019_08_19_000000_create_failed_jobs_table', 1),
(4, '2019_12_14_000001_create_personal_access_tokens_table', 1),
(5, '2023_09_05_125218_create_kategori_parts_table', 1),
(6, '2023_09_06_022122_create_suppliers_table', 1),
(7, '2023_09_06_032212_create_part_table', 1),
(8, '2023_09_06_032213_standar_migration', 1),
(9, '2023_09_06_032214_standar_part_migration', 1),
(10, '2023_09_06_053359_create_data_barang_table', 1),
(11, '2023_09_12_125648_create_pengecekans_table', 1),
(12, '2023_10_03_081959_create_laporan_table', 1),
(13, '2023_10_21_102745_catatan_cek', 1),
(14, '2023_11_02_082341_create_standar_m_i_l_table', 1);

-- --------------------------------------------------------

--
-- Struktur dari tabel `mil_std_105_e`
--

CREATE TABLE `mil_std_105_e` (
  `id` bigint UNSIGNED NOT NULL,
  `min_sample` int NOT NULL,
  `max_sample` int NOT NULL,
  `size_code` varchar(255) COLLATE utf8mb4_unicode_ci NOT NULL,
  `sample_size` int NOT NULL,
  `created_at` timestamp NULL DEFAULT NULL,
  `updated_at` timestamp NULL DEFAULT NULL
) ENGINE=InnoDB DEFAULT CHARSET=utf8mb4 COLLATE=utf8mb4_unicode_ci;

-- --------------------------------------------------------

--
-- Struktur dari tabel `part`
--

CREATE TABLE `part` (
  `kode_part` varchar(255) COLLATE utf8mb4_unicode_ci NOT NULL,
  `nama_part` varchar(100) CHARACTER SET utf8mb4 COLLATE utf8mb4_unicode_ci NOT NULL,
  `gambar_part` varchar(255) COLLATE utf8mb4_unicode_ci NOT NULL,
  `kategori_id` bigint UNSIGNED NOT NULL,
  `supplier_id` bigint UNSIGNED NOT NULL,
  `created_at` timestamp NULL DEFAULT NULL,
  `updated_at` timestamp NULL DEFAULT NULL
) ENGINE=InnoDB DEFAULT CHARSET=utf8mb4 COLLATE=utf8mb4_unicode_ci;

--
-- Dumping data untuk tabel `part`
--

INSERT INTO `part` (`kode_part`, `nama_part`, `gambar_part`, `kategori_id`, `supplier_id`, `created_at`, `updated_at`) VALUES
('A10700-52', 'Handle Steer', 'A10700-5220240419080208.jpg', 4, 6, '2024-04-19 01:02:08', '2024-04-19 01:02:08'),
('B10600-54', 'License Plate Support', 'B10600-5420240425195131.jpg', 1, 4, '2024-04-25 12:51:31', '2024-04-25 12:51:31'),
('B12100-54', 'Under Seat', 'B12100-5420240425195227.jpg', 1, 4, '2024-04-25 12:52:27', '2024-04-25 12:52:27'),
('C11100', 'Front Combination Lamp R', 'C1110020240425194848.jpg', 3, 2, '2024-04-25 12:48:48', '2024-04-25 12:48:48'),
('C11900', 'Horn', 'C1190020240419075920.jpg', 3, 7, '2024-04-19 00:59:20', '2024-04-19 00:59:20'),
('D10400-92', 'Seat Lock', 'D10400-9220240425195010.jpg', 2, 6, '2024-04-25 12:50:10', '2024-04-25 12:50:10'),
('D11501', 'Hinge Cushion', 'D1150120240415160919.PNG', 2, 3, '2024-04-15 09:09:19', '2024-04-25 20:45:49'),
('E11000-54', 'Cross Head Bolt M6x15', 'E11000-5420240425194524.jpg', 5, 1, '2024-04-25 12:45:24', '2024-04-25 12:45:24'),
('E11100-54', 'Hexagonal Flange Bolt (Head 8) M6 x 13', 'E11100-5420240425194642.jpg', 5, 1, '2024-04-25 12:46:42', '2024-04-25 12:46:42');

-- --------------------------------------------------------

--
-- Struktur dari tabel `password_resets`
--

CREATE TABLE `password_resets` (
  `email` varchar(255) COLLATE utf8mb4_unicode_ci NOT NULL,
  `token` varchar(255) COLLATE utf8mb4_unicode_ci NOT NULL,
  `created_at` timestamp NULL DEFAULT NULL
) ENGINE=InnoDB DEFAULT CHARSET=utf8mb4 COLLATE=utf8mb4_unicode_ci;

-- --------------------------------------------------------

--
-- Struktur dari tabel `personal_access_tokens`
--

CREATE TABLE `personal_access_tokens` (
  `id` bigint UNSIGNED NOT NULL,
  `tokenable_type` varchar(255) COLLATE utf8mb4_unicode_ci NOT NULL,
  `tokenable_id` bigint UNSIGNED NOT NULL,
  `name` varchar(255) COLLATE utf8mb4_unicode_ci NOT NULL,
  `token` varchar(64) COLLATE utf8mb4_unicode_ci NOT NULL,
  `abilities` text COLLATE utf8mb4_unicode_ci,
  `last_used_at` timestamp NULL DEFAULT NULL,
  `expires_at` timestamp NULL DEFAULT NULL,
  `created_at` timestamp NULL DEFAULT NULL,
  `updated_at` timestamp NULL DEFAULT NULL
) ENGINE=InnoDB DEFAULT CHARSET=utf8mb4 COLLATE=utf8mb4_unicode_ci;

-- --------------------------------------------------------

--
-- Struktur dari tabel `standar`
--

CREATE TABLE `standar` (
  `id_standar` bigint UNSIGNED NOT NULL,
  `jenis_standar` varchar(30) CHARACTER SET utf8mb4 COLLATE utf8mb4_unicode_ci NOT NULL,
  `alat` varchar(30) CHARACTER SET utf8mb4 COLLATE utf8mb4_unicode_ci NOT NULL,
  `uraian` varchar(100) CHARACTER SET utf8mb4 COLLATE utf8mb4_unicode_ci NOT NULL,
  `created_at` timestamp NULL DEFAULT NULL,
  `updated_at` timestamp NULL DEFAULT NULL
) ENGINE=InnoDB DEFAULT CHARSET=utf8mb4 COLLATE=utf8mb4_unicode_ci;

--
-- Dumping data untuk tabel `standar`
--

INSERT INTO `standar` (`id_standar`, `jenis_standar`, `alat`, `uraian`, `created_at`, `updated_at`) VALUES
(1, 'VISUAL', 'VISUAL/MATA', 'Permukaan Burry', '2024-04-15 09:06:30', '2024-04-25 13:05:14'),
(2, 'VISUAL', 'VISUAL/MATA', 'Cacat', '2024-04-15 09:06:30', '2024-04-15 09:06:30'),
(3, 'FUNCTION', 'SOUND LEVEL METER', 'Sound Level at 2 Meter', '2024-04-15 09:06:31', '2024-04-15 09:06:31'),
(4, 'FUNCTION', 'CHECKER DAN TELINGA', 'Kualitas Suara', '2024-04-15 09:06:31', '2024-04-15 09:06:31'),
(5, 'DIMENSI', 'CALIPER', 'Lebar', '2024-04-15 09:06:31', '2024-04-15 09:06:31'),
(6, 'DIMENSI', 'CALIPER', 'Thickness', '2024-04-15 09:06:31', '2024-04-15 09:06:31'),
(7, 'DIMENSI', 'CALIPER', 'Diameter', '2024-04-15 09:06:31', '2024-04-15 09:06:31'),
(8, 'FUNCTION', 'TANGAN', 'Button Footrest', '2024-04-15 09:06:31', '2024-04-15 09:06:31'),
(9, 'VISUAL', 'VISUAL/MATA', 'Bentuk Produk', '2024-04-25 13:05:43', '2024-04-25 13:05:43'),
(10, 'VISUAL', 'VISUAL/MATA', 'Karat', '2024-04-25 13:05:59', '2024-04-25 13:05:59'),
(11, 'VISUAL', 'VISUAL/MATA', 'Plating', '2024-04-25 13:15:23', '2024-04-25 13:15:23'),
(12, 'VISUAL', 'VISUAL/MATA', 'Ulir', '2024-04-25 13:15:40', '2024-04-25 13:15:40'),
(13, 'VISUAL', 'VISUAL/MATA', 'Scratch', '2024-04-25 13:15:56', '2024-04-25 13:15:56'),
(14, 'VISUAL', 'VISUAL/MATA', 'Kebersihan', '2024-04-25 13:16:12', '2024-04-25 13:16:12'),
(15, 'DIMENSI', 'CALIPER', 'Distance', '2024-04-25 13:17:34', '2024-04-25 13:17:34'),
(16, 'DIMENSI', 'RING GAUGE', 'Ulir', '2024-04-25 13:18:42', '2024-04-25 13:18:42'),
(17, 'VISUAL', 'VISUAL/MATA', 'Warna Produk', '2024-04-25 13:21:54', '2024-04-25 13:21:54'),
(18, 'VISUAL', 'VISUAL/MATA', 'Crack', '2024-04-25 13:22:28', '2024-04-25 13:22:28'),
(19, 'VISUAL', 'VISUAL/MATA', 'Lubang', '2024-04-25 13:22:38', '2024-04-25 13:22:38'),
(20, 'VISUAL', 'VISUAL/MATA', 'Welding', '2024-04-25 13:22:57', '2024-04-25 13:22:57'),
(21, 'VISUAL', 'VISUAL/MATA', 'Ketegaklurusan', '2024-04-25 13:23:21', '2024-04-25 13:23:21'),
(22, 'DIMENSI', 'THREAD GAUGE', 'Thread', '2024-04-25 13:25:10', '2024-04-25 13:25:10'),
(23, 'DIMENSI', 'FILLER GAUGE', 'Flatness', '2024-04-25 13:26:49', '2024-04-25 13:26:49'),
(24, 'VISUAL', 'VISUAL/MATA', 'Kemasan', '2024-04-25 13:27:26', '2024-04-25 13:27:26'),
(25, 'VISUAL', 'VISUAL/MATA', 'Kabel', '2024-04-25 13:27:37', '2024-04-25 13:27:37'),
(26, 'VISUAL', 'VISUAL/MATA', 'Warna Kabel', '2024-04-25 13:27:54', '2024-04-25 13:27:54'),
(27, 'VISUAL', 'VISUAL/MATA', 'Socket', '2024-04-25 13:28:04', '2024-04-25 13:28:04'),
(28, 'VISUAL', 'VISUAL/MATA', 'Pin Terminal', '2024-04-25 13:28:25', '2024-04-25 13:28:25'),
(29, 'VISUAL', 'VISUAL/MATA', 'Bracket', '2024-04-25 13:28:51', '2024-04-25 13:28:51'),
(30, 'VISUAL', 'VISUAL/MATA', 'Kaca Lampu', '2024-04-25 13:29:03', '2024-04-25 13:29:03'),
(31, 'FUNCTION', 'VISUAL/MATA', 'Nyala LED', '2024-04-25 13:29:19', '2024-04-25 13:29:19'),
(32, 'FUNCTION', 'VISUAL/MATA', 'Warna Nyala LED', '2024-04-25 13:29:34', '2024-04-25 13:29:34'),
(33, 'FUNCTION', 'VISUAL/MATA', 'Nyala Turn Signal', '2024-04-25 13:29:51', '2024-04-25 13:29:51'),
(34, 'FUNCTION', 'VISUAL/MATA', 'Kecerahan Lampu', '2024-04-25 13:30:01', '2024-04-25 13:30:01'),
(35, 'DIMENSI', 'MISTAR BAJA', 'Panjang Kabel', '2024-04-25 13:31:12', '2024-04-25 13:31:12'),
(36, 'VISUAL', 'VISUAL/MATA', 'Baut Pengatur Suara', '2024-04-25 13:31:51', '2024-04-25 13:31:51'),
(37, 'FUNCTION', 'SOUND LEVEL METER', 'Sound Level at 2 Meter', '2024-04-25 13:32:16', '2024-04-25 13:32:16'),
(38, 'FUNCTION', 'CHECKER DAN TELINGA', 'Kualitas Suara', '2024-04-25 13:32:31', '2024-04-25 13:32:31'),
(39, 'VISUAL', 'VISUAL/MATA', 'Nut', '2024-04-25 13:33:08', '2024-04-25 13:33:08'),
(40, 'VISUAL', 'VISUAL/MATA', 'Lubang Bolt', '2024-04-25 13:33:41', '2024-04-25 13:33:41'),
(41, 'VISUAL', 'VISUAL/MATA', 'Spring', '2024-04-25 13:33:55', '2024-04-25 13:33:55'),
(42, 'VISUAL', 'VISUAL/MATA', 'Pelumasan', '2024-04-25 13:34:05', '2024-04-25 13:34:05'),
(43, 'FUNCTION', 'VISUAL/MATA', 'Pegas Seat Lock', '2024-04-25 13:34:20', '2024-04-25 13:34:20'),
(44, 'VISUAL', 'VISUAL/MATA', 'Weld Line', '2024-04-25 13:34:53', '2024-04-25 13:34:53'),
(45, 'VISUAL', 'VISUAL/MATA', 'Area Lubang', '2024-04-25 13:35:07', '2024-04-25 13:35:07'),
(46, 'VISUAL', 'VISUAL/MATA', 'Permukaan Produk', '2024-04-25 13:35:19', '2024-04-25 13:35:19'),
(47, 'VISUAL', 'VISUAL/MATA', 'Kontaminasi', '2024-04-25 13:36:01', '2024-04-25 13:36:01'),
(48, 'VISUAL', 'VISUAL/MATA', 'Locking', '2024-04-25 13:36:10', '2024-04-25 13:36:10'),
(49, 'VISUAL', 'VISUAL/MATA', 'Sink Mark', '2024-04-25 13:36:20', '2024-04-25 13:36:20'),
(50, 'VISUAL', 'VISUAL/MATA', 'Short Shoot', '2024-04-25 13:36:31', '2024-04-25 13:36:31'),
(51, 'VISUAL', 'VISUAL/MATA', 'Silver Mark', '2024-04-25 13:36:52', '2024-04-25 13:36:52'),
(52, 'VISUAL', 'VISUAL/MATA', 'Permukaan Produk', '2024-04-25 23:49:29', '2024-04-25 23:49:29');

-- --------------------------------------------------------

--
-- Struktur dari tabel `standar_part`
--

CREATE TABLE `standar_part` (
  `id_standar_part` bigint UNSIGNED NOT NULL,
  `kode_part` varchar(255) COLLATE utf8mb4_unicode_ci NOT NULL,
  `id_standar` bigint UNSIGNED NOT NULL,
  `rincian_standar` varchar(255) COLLATE utf8mb4_unicode_ci NOT NULL,
  `spesifikasi` varchar(100) CHARACTER SET utf8mb4 COLLATE utf8mb4_unicode_ci NOT NULL,
  `point` varchar(10) CHARACTER SET utf8mb4 COLLATE utf8mb4_unicode_ci DEFAULT NULL,
  `max` float DEFAULT NULL,
  `min` float DEFAULT NULL,
  `created_at` timestamp NULL DEFAULT NULL,
  `updated_at` timestamp NULL DEFAULT NULL
) ENGINE=InnoDB DEFAULT CHARSET=utf8mb4 COLLATE=utf8mb4_unicode_ci;

--
-- Dumping data untuk tabel `standar_part`
--

INSERT INTO `standar_part` (`id_standar_part`, `kode_part`, `id_standar`, `rincian_standar`, `spesifikasi`, `point`, `max`, `min`, `created_at`, `updated_at`) VALUES
(1, 'D11501', 1, 'VISUAL', 'Tidak Ada', NULL, NULL, NULL, '2024-04-15 09:11:31', '2024-04-15 09:11:31'),
(2, 'D11501', 2, 'VISUAL', 'Tidak Ada', NULL, NULL, NULL, '2024-04-15 09:11:43', '2024-04-15 09:11:43'),
(6, 'E11000-54', 1, 'VISUAL', 'Tidak Ada', NULL, NULL, NULL, '2024-04-25 20:46:51', '2024-04-25 20:46:51'),
(7, 'E11000-54', 9, 'VISUAL', 'Sesuai Limit Sample', NULL, NULL, NULL, '2024-04-25 20:47:08', '2024-04-25 20:47:08'),
(8, 'E11000-54', 10, 'VISUAL', 'Tidak Ada', NULL, NULL, NULL, '2024-04-25 20:47:18', '2024-04-25 20:47:18'),
(9, 'E11000-54', 2, 'VISUAL', 'Tidak Ada', NULL, NULL, NULL, '2024-04-25 20:47:38', '2024-04-25 20:47:38'),
(10, 'E11000-54', 11, 'VISUAL', 'Sesuai Limit Sample, Tidak Mengelupas', NULL, NULL, NULL, '2024-04-25 20:48:01', '2024-04-25 20:48:01'),
(11, 'E11000-54', 12, 'VISUAL', 'Tidak Rusak', NULL, NULL, NULL, '2024-04-25 20:48:15', '2024-04-25 20:48:15'),
(12, 'E11000-54', 13, 'VISUAL', 'Tidak Ada', NULL, NULL, NULL, '2024-04-25 20:48:26', '2024-04-25 20:48:26'),
(13, 'E11000-54', 14, 'VISUAL', 'Tidak Kotor', NULL, NULL, NULL, '2024-04-25 20:48:34', '2024-04-25 20:48:34'),
(14, 'E11000-54', 7, 'DIMENSI', '12', 'A', 0.2, 0.2, '2024-04-25 20:49:18', '2024-04-25 20:49:18'),
(15, 'E11000-54', 15, 'DIMENSI', '3.5', 'B', 0.1, 0.1, '2024-04-25 20:49:45', '2024-04-25 20:49:45'),
(16, 'E11000-54', 15, 'DIMENSI', '15', 'C', 0.2, 0.2, '2024-04-25 20:50:02', '2024-04-25 20:50:02'),
(17, 'E11000-54', 16, 'DIMENSI', 'M6 x 1.0', 'D', NULL, NULL, '2024-04-25 20:51:33', '2024-04-25 20:51:33'),
(18, 'E11100-54', 1, 'VISUAL', 'Tidak Ada', NULL, NULL, NULL, '2024-04-25 20:52:04', '2024-04-25 20:52:04'),
(19, 'E11100-54', 9, 'VISUAL', 'Sesuai Limit Sample', NULL, NULL, NULL, '2024-04-25 20:52:19', '2024-04-25 20:52:19'),
(20, 'E11100-54', 10, 'VISUAL', 'Tidak Ada', NULL, NULL, NULL, '2024-04-25 20:52:30', '2024-04-25 20:52:30'),
(21, 'E11100-54', 2, 'VISUAL', 'Tidak Ada', NULL, NULL, NULL, '2024-04-25 20:52:44', '2024-04-25 20:52:44'),
(22, 'E11100-54', 14, 'VISUAL', 'Tidak Kotor', NULL, NULL, NULL, '2024-04-25 20:52:54', '2024-04-25 20:52:54'),
(24, 'E11100-54', 11, 'VISUAL', 'Sesuai Limit Sample, Tidak Mengelupas', NULL, NULL, NULL, '2024-04-25 20:55:13', '2024-04-25 20:55:13'),
(25, 'E11100-54', 12, 'VISUAL', 'Tidak Rusak', NULL, NULL, NULL, '2024-04-25 20:56:45', '2024-04-25 20:56:45'),
(26, 'E11100-54', 13, 'VISUAL', 'Tidak Ada', NULL, NULL, NULL, '2024-04-25 20:57:26', '2024-04-25 20:57:26'),
(27, 'E11100-54', 7, 'DIMENSI', '12', 'A', 0.2, 0.2, '2024-04-25 20:58:11', '2024-04-25 20:58:11'),
(28, 'E11100-54', 15, 'DIMENSI', '8', 'B', 0, 0.25, '2024-04-25 20:59:00', '2024-04-25 20:59:00'),
(29, 'E11100-54', 15, 'DIMENSI', '6.6', 'C', 0.2, 0.2, '2024-04-25 20:59:20', '2024-04-25 20:59:20'),
(30, 'E11100-54', 15, 'DIMENSI', '13', 'D', 0.5, 0.5, '2024-04-25 20:59:38', '2024-04-25 20:59:38'),
(31, 'E11100-54', 16, 'DIMENSI', 'M6 X 1', 'E', NULL, NULL, '2024-04-25 21:00:02', '2024-04-25 21:00:02'),
(32, 'D11501', 10, 'VISUAL', 'Tidak Ada', NULL, NULL, NULL, '2024-04-25 21:16:33', '2024-04-25 21:16:33'),
(33, 'D11501', 39, 'VISUAL', 'Terpasang', NULL, NULL, NULL, '2024-04-25 21:16:57', '2024-04-25 21:16:57'),
(34, 'D11501', 11, 'VISUAL', 'Tidak Mengelupas', NULL, NULL, NULL, '2024-04-25 21:17:11', '2024-04-25 21:17:11'),
(35, 'D11501', 14, 'VISUAL', 'Tidak Kotor', NULL, NULL, NULL, '2024-04-25 21:17:22', '2024-04-25 21:17:22'),
(36, 'D11501', 19, 'VISUAL', 'Tidak Burry, Tembus', NULL, NULL, NULL, '2024-04-25 21:17:39', '2024-04-25 21:17:39'),
(38, 'D11501', 13, 'VISUAL', 'Tidak Ada', NULL, NULL, NULL, '2024-04-25 21:17:57', '2024-04-25 21:17:57'),
(39, 'D11501', 18, 'VISUAL', 'Tidak Ada', NULL, NULL, NULL, '2024-04-25 21:18:08', '2024-04-25 21:18:08'),
(40, 'D11501', 15, 'DIMENSI', '50', 'A', 0.5, 0.5, '2024-04-25 21:20:25', '2024-04-25 21:20:25'),
(41, 'D11501', 7, 'DIMENSI', '7.2', 'B', 0.1, 0.1, '2024-04-25 21:21:22', '2024-04-25 21:21:22'),
(42, 'D11501', 7, 'DIMENSI', '10', 'C', 0.2, 0.2, '2024-04-25 21:24:22', '2024-04-25 21:24:22'),
(43, 'D11501', 15, 'DIMENSI', '42', 'D', 0.5, 0.5, '2024-04-25 21:24:46', '2024-04-25 21:24:46'),
(44, 'D11501', 6, 'DIMENSI', '3', 'E', 0.1, 0.1, '2024-04-25 21:25:01', '2024-04-25 21:25:01'),
(45, 'D10400-92', 1, 'VISUAL', 'Tidak Ada', NULL, NULL, NULL, '2024-04-25 21:25:48', '2024-04-25 21:25:48'),
(46, 'D10400-92', 2, 'VISUAL', 'Tidak Ada', NULL, NULL, NULL, '2024-04-25 21:25:55', '2024-04-25 21:25:55'),
(47, 'D10400-92', 10, 'VISUAL', 'Tidak Ada', NULL, NULL, NULL, '2024-04-25 21:26:03', '2024-04-25 21:26:03'),
(48, 'D10400-92', 11, 'VISUAL', 'Sesuai Limit Sample', NULL, NULL, NULL, '2024-04-25 21:26:11', '2024-04-25 21:26:11'),
(49, 'D10400-92', 40, 'VISUAL', 'Tidak Burry', NULL, NULL, NULL, '2024-04-25 21:26:28', '2024-04-25 21:26:28'),
(50, 'D10400-92', 14, 'VISUAL', 'Tidak Kotor', NULL, NULL, NULL, '2024-04-25 21:26:46', '2024-04-25 21:26:46'),
(51, 'D10400-92', 41, 'VISUAL', 'Terpasang', NULL, NULL, NULL, '2024-04-25 21:27:02', '2024-04-25 21:27:02'),
(52, 'D10400-92', 42, 'VISUAL', 'Terlumasi', NULL, NULL, NULL, '2024-04-25 21:27:15', '2024-04-25 21:27:15'),
(53, 'D10400-92', 6, 'DIMENSI', '2', 'A', 0.1, 0.1, '2024-04-25 21:27:34', '2024-04-25 21:27:34'),
(54, 'D10400-92', 7, 'DIMENSI', '6.3', 'B', 0.1, 0.1, '2024-04-25 21:27:52', '2024-04-25 21:27:52'),
(55, 'D10400-92', 15, 'DIMENSI', '7.32', 'C', 0.2, 0.2, '2024-04-25 21:28:17', '2024-04-25 21:28:17'),
(56, 'D10400-92', 15, 'DIMENSI', '5.2', 'D', 0.2, 0.2, '2024-04-25 21:28:41', '2024-04-25 21:28:41'),
(57, 'D10400-92', 43, 'FUNCTION', 'Berfungsi', NULL, NULL, NULL, '2024-04-25 21:29:01', '2024-04-25 21:29:01'),
(58, 'C11900', 9, 'VISUAL', 'Sesuai Limit Sample', NULL, NULL, NULL, '2024-04-25 21:29:41', '2024-04-25 21:29:41'),
(59, 'C11900', 1, 'VISUAL', 'Tidak Ada', NULL, NULL, NULL, '2024-04-25 21:30:00', '2024-04-25 21:30:00'),
(60, 'C11900', 2, 'VISUAL', 'Tidak Ada', NULL, NULL, NULL, '2024-04-25 21:30:15', '2024-04-25 21:30:15'),
(61, 'C11900', 14, 'VISUAL', 'Tidak Kotor', NULL, NULL, NULL, '2024-04-25 21:30:26', '2024-04-25 21:30:26'),
(62, 'C11900', 10, 'VISUAL', 'Tidak Ada', NULL, NULL, NULL, '2024-04-25 21:30:38', '2024-04-25 21:30:38'),
(63, 'C11900', 17, 'VISUAL', 'Sesuai Limit Sample', NULL, NULL, NULL, '2024-04-25 21:30:45', '2024-04-25 21:30:45'),
(64, 'C11900', 28, 'VISUAL', 'Jumlah Pin 2', NULL, NULL, NULL, '2024-04-25 21:30:57', '2024-04-25 21:30:57'),
(65, 'C11900', 28, 'VISUAL', 'Tidak Bengkok', NULL, NULL, NULL, '2024-04-25 21:31:15', '2024-04-25 21:31:15'),
(66, 'C11900', 36, 'VISUAL', 'Terpasang', NULL, NULL, NULL, '2024-04-25 21:31:24', '2024-04-25 21:31:24'),
(67, 'C11900', 3, 'FUNCTION', '102 +-5 dB', NULL, NULL, NULL, '2024-04-25 21:32:01', '2024-04-25 21:32:01'),
(68, 'C11900', 4, 'FUNCTION', 'Tidak Serak', NULL, NULL, NULL, '2024-04-25 21:32:13', '2024-04-25 21:32:13'),
(69, 'C11900', 5, 'DIMENSI', '22', 'C', 0.2, 0.2, '2024-04-25 21:32:43', '2024-04-25 21:32:43'),
(70, 'C11900', 7, 'DIMENSI', '6.5', 'E', 0.5, 0, '2024-04-25 21:33:10', '2024-04-25 21:33:10'),
(71, 'C11900', 6, 'DIMENSI', '1', 'D', 0.1, 0.1, '2024-04-25 21:33:30', '2024-04-25 21:33:30'),
(72, 'C11100', 46, 'VISUAL', 'Tidak Burry', NULL, NULL, NULL, '2024-04-25 23:49:55', '2024-04-25 23:49:55'),
(73, 'C11100', 24, 'VISUAL', 'Tidak Rusak', NULL, NULL, NULL, '2024-04-25 23:50:04', '2024-04-25 23:50:04'),
(74, 'C11100', 2, 'VISUAL', 'Tidak Ada', NULL, NULL, NULL, '2024-04-25 23:50:25', '2024-04-25 23:50:25'),
(76, 'C11100', 14, 'VISUAL', 'Tidak Kotor', NULL, NULL, NULL, '2024-04-25 23:50:43', '2024-04-25 23:50:43'),
(77, 'C11100', 10, 'VISUAL', 'Tidak Ada', NULL, NULL, NULL, '2024-04-25 23:50:53', '2024-04-25 23:50:53'),
(78, 'C11100', 17, 'VISUAL', 'Sesuai Limit Sample', NULL, NULL, NULL, '2024-04-25 23:51:04', '2024-04-25 23:51:04'),
(79, 'C11100', 25, 'VISUAL', 'Tidak Sobek, Tidak Mengelupas, Jumlah Kabel, Sesuai Limit Sample', NULL, NULL, NULL, '2024-04-25 23:51:30', '2024-04-25 23:51:30'),
(80, 'C11100', 26, 'VISUAL', 'Sesuai Limit Sample', NULL, NULL, NULL, '2024-04-25 23:51:47', '2024-04-25 23:51:47'),
(81, 'C11100', 27, 'VISUAL', 'Sesuai Limit Sample', NULL, NULL, NULL, '2024-04-25 23:51:56', '2024-04-25 23:51:56'),
(82, 'C11100', 28, 'VISUAL', 'Jumlah Sesuai Limit Sample, Tidak Bengkok', NULL, NULL, NULL, '2024-04-25 23:52:43', '2024-04-25 23:52:43'),
(83, 'C11100', 29, 'VISUAL', 'Tidak Patah, Jumlah Sesuai Limit Sample', NULL, NULL, NULL, '2024-04-25 23:53:13', '2024-04-25 23:53:13'),
(84, 'C11100', 30, 'VISUAL', 'Tidak Retak, Tidak berembun', NULL, NULL, NULL, '2024-04-25 23:53:29', '2024-04-25 23:53:29'),
(85, 'C11100', 35, 'DIMENSI', '260', 'E', 30, 0, '2024-04-25 23:54:17', '2024-04-25 23:54:17'),
(86, 'C11100', 31, 'FUNCTION', 'Tidak Redup', NULL, NULL, NULL, '2024-04-25 23:54:31', '2024-04-25 23:54:31'),
(87, 'C11100', 32, 'FUNCTION', 'Putih', NULL, NULL, NULL, '2024-04-25 23:54:40', '2024-04-25 23:54:40'),
(88, 'C11100', 33, 'FUNCTION', 'Berfungsi, Kuning Tua', NULL, NULL, NULL, '2024-04-25 23:54:59', '2024-04-25 23:54:59'),
(89, 'C11100', 34, 'FUNCTION', 'Sesuai Limit Sample', NULL, NULL, NULL, '2024-04-25 23:55:08', '2024-04-25 23:55:08'),
(90, 'B12100-54', 46, 'VISUAL', 'Tidak Burry, Etching', NULL, NULL, NULL, '2024-04-25 23:56:59', '2024-04-25 23:56:59'),
(91, 'B12100-54', 9, 'VISUAL', 'Sesuai Limit Sample', NULL, NULL, NULL, '2024-04-25 23:57:08', '2024-04-25 23:57:08'),
(92, 'B12100-54', 44, 'VISUAL', 'Tidak Ada', NULL, NULL, NULL, '2024-04-25 23:57:21', '2024-04-25 23:57:21'),
(93, 'B12100-54', 2, 'VISUAL', 'Tidak Ada', NULL, NULL, NULL, '2024-04-25 23:57:29', '2024-04-25 23:57:29'),
(94, 'B12100-54', 17, 'VISUAL', 'Sesuai Limit Sample', NULL, NULL, NULL, '2024-04-25 23:57:41', '2024-04-25 23:57:41'),
(95, 'B12100-54', 14, 'VISUAL', 'Tidak Kotor', NULL, NULL, NULL, '2024-04-25 23:57:51', '2024-04-25 23:57:51'),
(96, 'B12100-54', 13, 'VISUAL', 'Tidak Ada', NULL, NULL, NULL, '2024-04-25 23:58:11', '2024-04-25 23:58:11'),
(97, 'B12100-54', 45, 'VISUAL', 'Kontaminasi', NULL, NULL, NULL, '2024-04-25 23:58:32', '2024-04-25 23:58:32'),
(98, 'B12100-54', 48, 'VISUAL', 'Tidak Patah', NULL, NULL, NULL, '2024-04-25 23:58:44', '2024-04-25 23:58:44'),
(99, 'B12100-54', 49, 'VISUAL', 'Tidak Ada', NULL, NULL, NULL, '2024-04-25 23:58:54', '2024-04-25 23:58:54'),
(100, 'B12100-54', 50, 'VISUAL', 'Tidak Ada', NULL, NULL, NULL, '2024-04-25 23:59:02', '2024-04-25 23:59:02'),
(101, 'B12100-54', 51, 'VISUAL', 'Tidak Ada', NULL, NULL, NULL, '2024-04-25 23:59:10', '2024-04-25 23:59:10'),
(102, 'B12100-54', 7, 'DIMENSI', '4.5', 'A', 0.08, 0.08, '2024-04-25 23:59:35', '2024-04-25 23:59:35'),
(103, 'B12100-54', 7, 'DIMENSI', '5.5', 'B', 0.08, 0.08, '2024-04-25 23:59:58', '2024-04-25 23:59:58'),
(104, 'B12100-54', 7, 'DIMENSI', '23.7', 'C', 0.15, 0.15, '2024-04-26 00:00:17', '2024-04-26 00:00:17'),
(105, 'B12100-54', 15, 'DIMENSI', '4 x 3.4', 'D', 0.08, 0.08, '2024-04-26 00:01:44', '2024-04-26 00:01:44'),
(106, 'B12100-54', 15, 'DIMENSI', '41', 'E', 0.17, 0.17, '2024-04-26 00:02:03', '2024-04-26 00:02:03'),
(107, 'B12100-54', 15, 'DIMENSI', '40.5', 'F', 0.17, 0.17, '2024-04-26 00:02:22', '2024-04-26 00:02:22'),
(108, 'B12100-54', 15, 'DIMENSI', '95', 'G', 0.17, 0.17, '2024-04-26 00:02:52', '2024-04-26 00:02:52'),
(109, 'B10600-54', 1, 'VISUAL', 'Tidak Ada', NULL, NULL, NULL, '2024-04-26 00:03:31', '2024-04-26 00:03:31'),
(110, 'B10600-54', 9, 'VISUAL', 'Sesuai Limit Sample', NULL, NULL, NULL, '2024-04-26 00:03:44', '2024-04-26 00:03:44'),
(111, 'B10600-54', 44, 'VISUAL', 'Tidak Ada', NULL, NULL, NULL, '2024-04-26 00:04:02', '2024-04-26 00:04:02'),
(112, 'B10600-54', 2, 'VISUAL', 'Tidak Ada', NULL, NULL, NULL, '2024-04-26 00:04:18', '2024-04-26 00:04:18'),
(113, 'B10600-54', 17, 'VISUAL', 'Sesuai Limit Sample', NULL, NULL, NULL, '2024-04-26 00:04:34', '2024-04-26 00:04:34'),
(114, 'B10600-54', 14, 'VISUAL', 'Tidak Kotor', NULL, NULL, NULL, '2024-04-26 00:04:44', '2024-04-26 00:04:44'),
(115, 'B10600-54', 13, 'VISUAL', 'Tidak Ada', NULL, NULL, NULL, '2024-04-26 00:04:54', '2024-04-26 00:04:54'),
(116, 'B10600-54', 45, 'VISUAL', 'Tembus, Tidak Burry', NULL, NULL, NULL, '2024-04-26 00:05:13', '2024-04-26 00:05:13'),
(117, 'B10600-54', 45, 'VISUAL', 'Tidak Tembus, Tidak Burry', NULL, NULL, NULL, '2024-04-26 00:05:30', '2024-04-26 00:05:30'),
(118, 'B10600-54', 46, 'VISUAL', 'Etching', NULL, NULL, NULL, '2024-04-26 00:05:39', '2024-04-26 00:05:39'),
(119, 'B10600-54', 7, 'DIMENSI', '6,6', 'A', 0.1, 0.1, '2024-04-26 00:05:58', '2024-04-26 00:05:58'),
(120, 'B10600-54', 7, 'DIMENSI', '8', 'B', 0.1, 0.1, '2024-04-26 00:06:30', '2024-04-26 00:06:30'),
(121, 'B10600-54', 7, 'DIMENSI', '14', 'C', 0.1, 0.1, '2024-04-26 00:06:45', '2024-04-26 00:06:45'),
(122, 'A10700-52', 46, 'VISUAL', 'Tidak Burry', NULL, NULL, NULL, '2024-04-26 00:08:17', '2024-04-26 00:08:17'),
(123, 'A10700-52', 2, 'VISUAL', 'Tidak Ada', NULL, NULL, NULL, '2024-04-26 00:08:27', '2024-04-26 00:08:27'),
(124, 'A10700-52', 10, 'VISUAL', 'Tidak Ada', NULL, NULL, NULL, '2024-04-26 00:08:35', '2024-04-26 00:08:35'),
(125, 'A10700-52', 17, 'VISUAL', 'Sesuai Limit Sample', NULL, NULL, NULL, '2024-04-26 00:08:45', '2024-04-26 00:08:45'),
(126, 'A10700-52', 13, 'VISUAL', 'Tidak Ada', NULL, NULL, NULL, '2024-04-26 00:08:54', '2024-04-26 00:08:54'),
(127, 'A10700-52', 18, 'VISUAL', 'Tidak Ada', NULL, NULL, NULL, '2024-04-26 00:09:02', '2024-04-26 00:09:02'),
(128, 'A10700-52', 14, 'VISUAL', 'Tidak Kotor', NULL, NULL, NULL, '2024-04-26 00:09:15', '2024-04-26 00:09:15'),
(130, 'A10700-52', 19, 'VISUAL', 'Tidak Burry', NULL, NULL, NULL, '2024-04-26 00:09:43', '2024-04-26 00:09:43'),
(131, 'A10700-52', 20, 'VISUAL', 'Rapi', NULL, NULL, NULL, '2024-04-26 00:09:52', '2024-04-26 00:09:52'),
(132, 'A10700-52', 21, 'VISUAL', 'Tidak Miring', NULL, NULL, NULL, '2024-04-26 00:10:03', '2024-04-26 00:10:03'),
(133, 'A10700-52', 15, 'DIMENSI', '10,1', 'A', 1, 1, '2024-04-26 00:12:04', '2024-04-26 00:12:04'),
(134, 'A10700-52', 7, 'DIMENSI', '16', 'B', 1, 1, '2024-04-26 00:12:22', '2024-04-26 00:12:22'),
(136, 'A10700-52', 15, 'DIMENSI', '20', 'D', 1, 1, '2024-04-26 00:13:07', '2024-04-26 00:13:07'),
(137, 'A10700-52', 15, 'DIMENSI', '2', 'E', 0.5, 0.5, '2024-04-26 00:13:29', '2024-04-26 00:13:29'),
(138, 'A10700-52', 7, 'DIMENSI', '4,9', 'F', 1, 1, '2024-04-26 00:13:56', '2024-04-26 00:13:56'),
(139, 'A10700-52', 15, 'DIMENSI', '24', 'G', 0.15, 0, '2024-04-26 00:14:22', '2024-04-26 00:14:22'),
(140, 'A10700-52', 15, 'DIMENSI', '30', 'H', 1, 1, '2024-04-26 00:14:41', '2024-04-26 00:14:41'),
(141, 'A10700-52', 7, 'DIMENSI', '21', 'I', 0, 0.1, '2024-04-26 00:15:10', '2024-04-26 00:15:10'),
(142, 'A10700-52', 7, 'DIMENSI', '10,3', 'J', 1, 1, '2024-04-26 00:15:36', '2024-04-26 00:15:36'),
(143, 'A10700-52', 15, 'DIMENSI', '2,5', 'K', 0.5, 0.5, '2024-04-26 00:16:13', '2024-04-26 00:16:13'),
(144, 'A10700-52', 15, 'DIMENSI', '32,9', 'L', 1.5, 1.5, '2024-04-26 00:16:45', '2024-04-26 00:16:45'),
(145, 'A10700-52', 15, 'DIMENSI', '3', 'M', 0.5, 0.5, '2024-04-26 00:17:11', '2024-04-26 00:17:11'),
(146, 'A10700-52', 15, 'DIMENSI', '47,5', 'N', 1.5, 1.5, '2024-04-26 00:17:26', '2024-04-26 00:17:26'),
(147, 'A10700-52', 15, 'DIMENSI', '3', 'O', 0.5, 0.5, '2024-04-26 00:17:43', '2024-04-26 00:17:43'),
(148, 'A10700-52', 15, 'DIMENSI', '43,5', 'P', 1.5, 1.5, '2024-04-26 00:18:04', '2024-04-26 00:18:04'),
(149, 'A10700-52', 15, 'DIMENSI', '63,2', 'Q', 0.8, 0.8, '2024-04-26 00:18:27', '2024-04-26 00:18:27');

-- --------------------------------------------------------

--
-- Struktur dari tabel `supplier`
--

CREATE TABLE `supplier` (
  `id_supplier` bigint UNSIGNED NOT NULL,
  `nama_supplier` varchar(100) CHARACTER SET utf8mb4 COLLATE utf8mb4_unicode_ci NOT NULL,
  `no_telepon` varchar(20) CHARACTER SET utf8mb4 COLLATE utf8mb4_unicode_ci NOT NULL,
  `email` varchar(255) COLLATE utf8mb4_unicode_ci NOT NULL,
  `alamat` varchar(255) CHARACTER SET utf8mb4 COLLATE utf8mb4_unicode_ci NOT NULL,
  `created_at` timestamp NULL DEFAULT NULL,
  `updated_at` timestamp NULL DEFAULT NULL
) ENGINE=InnoDB DEFAULT CHARSET=utf8mb4 COLLATE=utf8mb4_unicode_ci;

--
-- Dumping data untuk tabel `supplier`
--

INSERT INTO `supplier` (`id_supplier`, `nama_supplier`, `no_telepon`, `email`, `alamat`, `created_at`, `updated_at`) VALUES
(1, 'Artomoro Precision', '(021) 89840336', 'amp@artomoro.com', 'Jalan Jababeka 17 D, Blok U 31 E, Cikarang, Jababeka Industrial Estate 1,, 17530, Karangbaru, Cikarang Utara, Karangbaru, Kec. Cikarang Utara, Kabupaten Bekasi, Jawa Barat 17530', '2024-04-15 09:06:30', '2024-04-15 09:06:30'),
(2, 'Gematic Motor Co.,Ltd', '089458735671', 'gematic@gmail.com', 'No. 58 Lixin Road, Zonghan Industrial Zone, Cixi, Ningbo, Zhejiang, China', '2024-04-15 09:06:30', '2024-04-15 09:06:30'),
(3, 'Meiwa Indonesia', '(021) 8741572', 'marketing@meiwa.com', 'Jl. Raya Jakarta - Bogor KM 30, Desa/Kelurahan Tugu, Kec. Cimanggis, Kota Depok, Prov. Jawa Barat', '2024-04-15 09:06:30', '2024-04-15 09:06:30'),
(4, 'Wika Industri dan Konstruksi', '(021) 22113122', 'info@wikaikon.co.id', 'Komplek Industri WIKA, Jl. Raya Narogong, Cileungsi, Kec. Cileungsi, Kabupaten Bogor, Jawa Barat 16820', '2024-04-15 09:06:30', '2024-04-15 09:06:30'),
(5, 'Nikko Cahaya Electric', '(021) 89840336', 'marketing@nikko.com', 'Tangerang', '2024-04-15 09:06:30', '2024-04-15 09:06:30'),
(6, 'Nandya Karya Perkasa', '021 82499447', 'marketing@nandya-karya-perkasa.com', 'Jl. KH Umar Kp. Rawailat RT/RW. 003/009, Dayeuh, Kec. Cileungsi, Kab. Bogor, Jawa Barat 16820 - Indonesia', '2024-04-15 09:06:30', '2024-04-15 09:06:30'),
(7, 'Mitsuba', '021 5908020', 'marketing@mitsuba.com', 'Jl. Prabu Siliwangi No.88, RT.001/RW.004, Keroncong, Kec. Jatiuwung, Kota Tangerang, Banten 15134', '2024-04-15 09:06:30', '2024-04-15 09:06:30');

-- --------------------------------------------------------

--
-- Struktur dari tabel `tbl_part_in`
--

CREATE TABLE `tbl_part_in` (
  `id_part_supply` bigint UNSIGNED NOT NULL,
  `kategori_id` bigint UNSIGNED NOT NULL,
  `kode_part` varchar(255) COLLATE utf8mb4_unicode_ci NOT NULL,
  `supplier_id` bigint UNSIGNED NOT NULL,
  `supply_date` date NOT NULL,
  `aql_number` varchar(10) CHARACTER SET utf8mb4 COLLATE utf8mb4_unicode_ci NOT NULL,
  `inspection_level` varchar(10) CHARACTER SET utf8mb4 COLLATE utf8mb4_unicode_ci NOT NULL,
  `jumlah_kirim` mediumint NOT NULL,
  `status_pengecekan` tinyint(1) NOT NULL DEFAULT '0',
  `created_at` timestamp NULL DEFAULT NULL,
  `updated_at` timestamp NULL DEFAULT NULL
) ENGINE=InnoDB DEFAULT CHARSET=utf8mb4 COLLATE=utf8mb4_unicode_ci;

--
-- Dumping data untuk tabel `tbl_part_in`
--

INSERT INTO `tbl_part_in` (`id_part_supply`, `kategori_id`, `kode_part`, `supplier_id`, `supply_date`, `aql_number`, `inspection_level`, `jumlah_kirim`, `status_pengecekan`, `created_at`, `updated_at`) VALUES
(21, 3, 'C11900', 7, '2024-04-04', '1', 'S-III', 90, 2, '2024-05-06 20:53:25', '2024-05-13 09:44:01'),
(22, 2, 'D11501', 3, '2024-05-09', '1', 'S-II', 20, 2, '2024-05-13 05:45:05', '2024-05-13 10:20:46'),
(24, 5, 'E11000-54', 1, '2024-05-01', '1', 'S-I', 30, 2, '2024-05-13 10:06:29', '2024-05-13 10:20:35'),
(25, 2, 'D10400-92', 6, '2024-05-02', '1', 'S-IV', 12, 2, '2024-05-13 10:13:56', '2024-05-13 19:52:12'),
(26, 2, 'D11501', 3, '2024-04-18', '1', 'S-IV', 25, 0, '2024-05-13 19:44:15', '2024-05-13 19:44:15'),
(27, 2, 'D11501', 3, '2024-05-02', '1', 'S-IV', 5, 0, '2024-05-17 23:21:42', '2024-05-17 23:21:42'),
(28, 3, 'C11900', 7, '2024-05-01', '1', 'S-IV', 5, 2, '2024-05-17 23:22:07', '2024-05-18 06:48:30'),
(29, 2, 'D11501', 3, '2024-05-15', '1', 'S-IV', 3, 1, '2024-05-19 00:52:22', '2024-05-19 00:54:25');

-- --------------------------------------------------------

--
-- Struktur dari tabel `users`
--

CREATE TABLE `users` (
  `id` bigint UNSIGNED NOT NULL,
  `name` varchar(100) CHARACTER SET utf8mb4 COLLATE utf8mb4_unicode_ci NOT NULL,
  `username` varchar(50) CHARACTER SET utf8mb4 COLLATE utf8mb4_unicode_ci NOT NULL,
  `jabatan` varchar(50) CHARACTER SET utf8mb4 COLLATE utf8mb4_unicode_ci NOT NULL,
  `email` varchar(255) COLLATE utf8mb4_unicode_ci NOT NULL,
  `password` varchar(255) COLLATE utf8mb4_unicode_ci NOT NULL,
  `remember_token` varchar(100) COLLATE utf8mb4_unicode_ci DEFAULT NULL
) ENGINE=InnoDB DEFAULT CHARSET=utf8mb4 COLLATE=utf8mb4_unicode_ci;

--
-- Dumping data untuk tabel `users`
--

INSERT INTO `users` (`id`, `name`, `username`, `jabatan`, `email`, `password`, `remember_token`) VALUES
(1, 'Admin QC', 'adminqc', 'Admin QC', 'adminqc@gmail.com', '$2y$10$8BrSj/LQGl0OfUpmKiJYpOogA/9gj4XLbJmJTDW29aOc3rzz.A/PG', NULL),
(2, 'Staff QC', 'staffqc', 'Staff QC', 'staffqc@gmail.com', '$2y$10$7KBAPLFD8grsuqRtyxQvje73DHT48t7a7wzWBN6RJU30W0V43VC/q', NULL),
(3, 'Kepala Seksi QC', 'kepalaseksiqc', 'Kepala Seksi QC', 'kepalaseksiqc@gmail.com', '$2y$10$Z6sybuHDNBhwcCLSjqjmjOPmSF3n9yobnhRqJhedQiGX.a7OGXaJO', NULL),
(4, 'Staff QA', 'staffqa', 'Staff QA', 'staffqa@gmail.com', '$2y$10$VviiiVcar6t9CAQz0w/H1OZAsX7jQfT8eAp4F/hICw6bFMjnD767.', NULL),
(5, 'Muhammad Khurais', 'khurais', 'Admin QC', 'khuraismuhammad@gmail.com', '$2y$10$Byyo1Dhk6Y2xp3OMRNipheOhriBTalSgMpdT6x7X9PvL0Pda9l4iG', NULL),
(6, 'Herry Setiawan', 'herry', 'Staff QC', 'herry.setiawan@gmail.com', '$2y$10$soAXGYku7oxmyomixbtr9.t2CMM6ngY7iOevnXuQqMNTiT1EztmYS', NULL),
(7, 'Agus Sopandi', 'agussopandi', 'Kepala Seksi QC', 'agussopandi@gmail.com', '$2y$10$7NuCtCigCVU8szpEYBZVNebgchr19mBp1CQjAVE0/eMbatQbyDraW', NULL),
(8, 'Eriyan Dwi Putra', 'eriyan', 'Staff QA', 'eriyandp@gmail.com', '$2y$10$91NxXFTYGRwaT.2OqHdzIeVadLZvRESnyFJIRS2Vu5zC3SzVGLcFC', NULL);

--
-- Indexes for dumped tables
--

--
-- Indeks untuk tabel `catatan_cek`
--
ALTER TABLE `catatan_cek`
  ADD PRIMARY KEY (`id`),
  ADD KEY `catatan_cek_id_part_supply_foreign` (`id_part_supply`),
  ADD KEY `catatan_cek_id_standar_part_foreign` (`id_standar_part`),
  ADD KEY `catatan_cek_id_part_foreign` (`id_part`) USING BTREE;

--
-- Indeks untuk tabel `failed_jobs`
--
ALTER TABLE `failed_jobs`
  ADD PRIMARY KEY (`id`),
  ADD UNIQUE KEY `failed_jobs_uuid_unique` (`uuid`);

--
-- Indeks untuk tabel `kategori_part`
--
ALTER TABLE `kategori_part`
  ADD PRIMARY KEY (`id_kategori`);

--
-- Indeks untuk tabel `laporan`
--
ALTER TABLE `laporan`
  ADD PRIMARY KEY (`id`),
  ADD KEY `laporan_supplier_id_foreign` (`supplier_id`),
  ADD KEY `laporan_part_code_foreign` (`part_code`),
  ADD KEY `laporan_model_foreign` (`model`),
  ADD KEY `laporan_pic_person_foreign` (`pic_person`);

--
-- Indeks untuk tabel `migrations`
--
ALTER TABLE `migrations`
  ADD PRIMARY KEY (`id`);

--
-- Indeks untuk tabel `mil_std_105_e`
--
ALTER TABLE `mil_std_105_e`
  ADD PRIMARY KEY (`id`);

--
-- Indeks untuk tabel `part`
--
ALTER TABLE `part`
  ADD PRIMARY KEY (`kode_part`),
  ADD KEY `part_kategori_id_foreign` (`kategori_id`),
  ADD KEY `part_supplier_id_foreign` (`supplier_id`);

--
-- Indeks untuk tabel `password_resets`
--
ALTER TABLE `password_resets`
  ADD PRIMARY KEY (`email`);

--
-- Indeks untuk tabel `personal_access_tokens`
--
ALTER TABLE `personal_access_tokens`
  ADD PRIMARY KEY (`id`),
  ADD UNIQUE KEY `personal_access_tokens_token_unique` (`token`),
  ADD KEY `personal_access_tokens_tokenable_type_tokenable_id_index` (`tokenable_type`,`tokenable_id`);

--
-- Indeks untuk tabel `standar`
--
ALTER TABLE `standar`
  ADD PRIMARY KEY (`id_standar`);

--
-- Indeks untuk tabel `standar_part`
--
ALTER TABLE `standar_part`
  ADD PRIMARY KEY (`id_standar_part`),
  ADD KEY `standar_part_kode_part_foreign` (`kode_part`),
  ADD KEY `standar_part_id_standar_foreign` (`id_standar`);

--
-- Indeks untuk tabel `supplier`
--
ALTER TABLE `supplier`
  ADD PRIMARY KEY (`id_supplier`),
  ADD UNIQUE KEY `supplier_email_unique` (`email`);

--
-- Indeks untuk tabel `tbl_part_in`
--
ALTER TABLE `tbl_part_in`
  ADD PRIMARY KEY (`id_part_supply`),
  ADD KEY `tbl_part_in_kategori_id_foreign` (`kategori_id`),
  ADD KEY `tbl_part_in_kode_part_foreign` (`kode_part`),
  ADD KEY `tbl_part_in_supplier_id_foreign` (`supplier_id`);

--
-- Indeks untuk tabel `users`
--
ALTER TABLE `users`
  ADD PRIMARY KEY (`id`),
  ADD UNIQUE KEY `users_email_unique` (`email`);

--
-- AUTO_INCREMENT untuk tabel yang dibuang
--

--
-- AUTO_INCREMENT untuk tabel `catatan_cek`
--
ALTER TABLE `catatan_cek`
  MODIFY `id` bigint UNSIGNED NOT NULL AUTO_INCREMENT, AUTO_INCREMENT=2136;

--
-- AUTO_INCREMENT untuk tabel `failed_jobs`
--
ALTER TABLE `failed_jobs`
  MODIFY `id` bigint UNSIGNED NOT NULL AUTO_INCREMENT;

--
-- AUTO_INCREMENT untuk tabel `kategori_part`
--
ALTER TABLE `kategori_part`
  MODIFY `id_kategori` bigint UNSIGNED NOT NULL AUTO_INCREMENT, AUTO_INCREMENT=6;

--
-- AUTO_INCREMENT untuk tabel `laporan`
--
ALTER TABLE `laporan`
  MODIFY `id` bigint UNSIGNED NOT NULL AUTO_INCREMENT, AUTO_INCREMENT=5;

--
-- AUTO_INCREMENT untuk tabel `migrations`
--
ALTER TABLE `migrations`
  MODIFY `id` int UNSIGNED NOT NULL AUTO_INCREMENT, AUTO_INCREMENT=15;

--
-- AUTO_INCREMENT untuk tabel `mil_std_105_e`
--
ALTER TABLE `mil_std_105_e`
  MODIFY `id` bigint UNSIGNED NOT NULL AUTO_INCREMENT;

--
-- AUTO_INCREMENT untuk tabel `personal_access_tokens`
--
ALTER TABLE `personal_access_tokens`
  MODIFY `id` bigint UNSIGNED NOT NULL AUTO_INCREMENT;

--
-- AUTO_INCREMENT untuk tabel `standar`
--
ALTER TABLE `standar`
  MODIFY `id_standar` bigint UNSIGNED NOT NULL AUTO_INCREMENT, AUTO_INCREMENT=53;

--
-- AUTO_INCREMENT untuk tabel `standar_part`
--
ALTER TABLE `standar_part`
  MODIFY `id_standar_part` bigint UNSIGNED NOT NULL AUTO_INCREMENT, AUTO_INCREMENT=150;

--
-- AUTO_INCREMENT untuk tabel `supplier`
--
ALTER TABLE `supplier`
  MODIFY `id_supplier` bigint UNSIGNED NOT NULL AUTO_INCREMENT, AUTO_INCREMENT=8;

--
-- AUTO_INCREMENT untuk tabel `tbl_part_in`
--
ALTER TABLE `tbl_part_in`
  MODIFY `id_part_supply` bigint UNSIGNED NOT NULL AUTO_INCREMENT, AUTO_INCREMENT=30;

--
-- AUTO_INCREMENT untuk tabel `users`
--
ALTER TABLE `users`
  MODIFY `id` bigint UNSIGNED NOT NULL AUTO_INCREMENT, AUTO_INCREMENT=9;

--
-- Ketidakleluasaan untuk tabel pelimpahan (Dumped Tables)
--

--
-- Ketidakleluasaan untuk tabel `catatan_cek`
--
ALTER TABLE `catatan_cek`
  ADD CONSTRAINT `catatan_cek_id_part_foreign` FOREIGN KEY (`id_part`) REFERENCES `part` (`kode_part`) ON DELETE CASCADE,
  ADD CONSTRAINT `catatan_cek_id_part_supply_foreign` FOREIGN KEY (`id_part_supply`) REFERENCES `tbl_part_in` (`id_part_supply`) ON DELETE CASCADE,
  ADD CONSTRAINT `catatan_cek_id_standar_part_foreign` FOREIGN KEY (`id_standar_part`) REFERENCES `standar_part` (`id_standar_part`) ON DELETE CASCADE;

--
-- Ketidakleluasaan untuk tabel `laporan`
--
ALTER TABLE `laporan`
  ADD CONSTRAINT `laporan_model_foreign` FOREIGN KEY (`model`) REFERENCES `kategori_part` (`id_kategori`) ON DELETE CASCADE,
  ADD CONSTRAINT `laporan_part_code_foreign` FOREIGN KEY (`part_code`) REFERENCES `part` (`kode_part`) ON DELETE CASCADE,
  ADD CONSTRAINT `laporan_pic_person_foreign` FOREIGN KEY (`pic_person`) REFERENCES `users` (`id`) ON DELETE CASCADE,
  ADD CONSTRAINT `laporan_supplier_id_foreign` FOREIGN KEY (`supplier_id`) REFERENCES `supplier` (`id_supplier`) ON DELETE CASCADE;

--
-- Ketidakleluasaan untuk tabel `part`
--
ALTER TABLE `part`
  ADD CONSTRAINT `part_kategori_id_foreign` FOREIGN KEY (`kategori_id`) REFERENCES `kategori_part` (`id_kategori`) ON DELETE CASCADE,
  ADD CONSTRAINT `part_supplier_id_foreign` FOREIGN KEY (`supplier_id`) REFERENCES `supplier` (`id_supplier`) ON DELETE CASCADE;

--
-- Ketidakleluasaan untuk tabel `standar_part`
--
ALTER TABLE `standar_part`
  ADD CONSTRAINT `standar_part_id_standar_foreign` FOREIGN KEY (`id_standar`) REFERENCES `standar` (`id_standar`) ON DELETE CASCADE,
  ADD CONSTRAINT `standar_part_kode_part_foreign` FOREIGN KEY (`kode_part`) REFERENCES `part` (`kode_part`) ON DELETE CASCADE;

--
-- Ketidakleluasaan untuk tabel `tbl_part_in`
--
ALTER TABLE `tbl_part_in`
  ADD CONSTRAINT `tbl_part_in_kategori_id_foreign` FOREIGN KEY (`kategori_id`) REFERENCES `kategori_part` (`id_kategori`) ON DELETE CASCADE,
  ADD CONSTRAINT `tbl_part_in_kode_part_foreign` FOREIGN KEY (`kode_part`) REFERENCES `part` (`kode_part`) ON DELETE CASCADE,
  ADD CONSTRAINT `tbl_part_in_supplier_id_foreign` FOREIGN KEY (`supplier_id`) REFERENCES `supplier` (`id_supplier`) ON DELETE CASCADE;
COMMIT;

/*!40101 SET CHARACTER_SET_CLIENT=@OLD_CHARACTER_SET_CLIENT */;
/*!40101 SET CHARACTER_SET_RESULTS=@OLD_CHARACTER_SET_RESULTS */;
/*!40101 SET COLLATION_CONNECTION=@OLD_COLLATION_CONNECTION */;
